control,tf,tipo,direccion,confirmation_time_utc,bar_index_local,nivel,zone_high,source_close,detector_object_id,occurrence_id
B,H4,OB,1,2026-08-24T04:00:00+00:00,510,1.16741,1.16841,,OB_H4_510_BULL,H4|OB|2026-08-24T04:00:00+00:00|1
B,H4,FVG,-1,2026-08-24T16:00:00+00:00,513,1.16738,1.16754,,FVG_H4_513_BEAR,H4|FVG|2026-08-24T16:00:00+00:00|-1
B,H1,DISPLACEMENT,-1,2026-08-24T11:00:00+00:00,739,1.16647,1.16806,1.16672,,H1|DISPLACEMENT|2026-08-24T11:00:00+00:00|-1
B,H1,OB,-1,2026-08-24T02:00:00+00:00,730,1.16757,1.16785,,OB_H1_730_BEAR,H1|OB|2026-08-24T02:00:00+00:00|-1
B,H1,FVG,1,2026-08-24T04:00:00+00:00,732,1.16798,1.16821,,FVG_H1_732_BULL,H1|FVG|2026-08-24T04:00:00+00:00|1
B,H1,FVG,-1,2026-08-24T12:00:00+00:00,740,1.16685,1.1674,,FVG_H1_740_BEAR,H1|FVG|2026-08-24T12:00:00+00:00|-1
B,M15,BOS,1,2026-08-24T01:30:00+00:00,1362,1.16785,,1.16788,,M15|BOS|2026-08-24T01:30:00+00:00|1
B,M15,BOS,-1,2026-08-24T11:00:00+00:00,1400,1.16728,,1.16672,,M15|BOS|2026-08-24T11:00:00+00:00|-1
B,M15,CHOCH,-1,2026-08-24T01:45:00+00:00,1363,1.16785,,1.16761,,M15|CHOCH|2026-08-24T01:45:00+00:00|-1
B,M15,CHOCH,-1,2026-08-24T04:30:00+00:00,1374,1.16785,,1.16773,,M15|CHOCH|2026-08-24T04:30:00+00:00|-1
B,M15,CHOCH,-1,2026-08-24T07:15:00+00:00,1385,1.16785,,1.16776,,M15|CHOCH|2026-08-24T07:15:00+00:00|-1
B,M15,CHOCH,-1,2026-08-24T08:45:00+00:00,1391,1.16785,,1.16761,,M15|CHOCH|2026-08-24T08:45:00+00:00|-1
B,M15,CHOCH,-1,2026-08-24T09:30:00+00:00,1394,1.16785,,1.16749,,M15|CHOCH|2026-08-24T09:30:00+00:00|-1
B,M15,CHOCH,1,2026-08-24T15:30:00+00:00,1418,1.16728,,1.16732,,M15|CHOCH|2026-08-24T15:30:00+00:00|1
B,M15,CHOCH,1,2026-08-24T16:15:00+00:00,1421,1.16728,,1.16732,,M15|CHOCH|2026-08-24T16:15:00+00:00|1
B,M15,MSS,1,2026-08-24T01:30:00+00:00,1362,1.16788,,1.16788,,M15|MSS|2026-08-24T01:30:00+00:00|1
B,M15,DISPLACEMENT,1,2026-08-24T03:00:00+00:00,1368,1.16758,1.16825,1.16825,,M15|DISPLACEMENT|2026-08-24T03:00:00+00:00|1
B,M15,DISPLACEMENT,1,2026-08-24T15:30:00+00:00,1418,1.16642,1.16735,1.16732,,M15|DISPLACEMENT|2026-08-24T15:30:00+00:00|1
B,M15,DISPLACEMENT,-1,2026-08-24T10:45:00+00:00,1399,1.16659,1.16768,1.16661,,M15|DISPLACEMENT|2026-08-24T10:45:00+00:00|-1
B,M15,OB,1,2026-08-24T09:00:00+00:00,1392,1.1676,1.16798,,OB_M15_1392_BULL,M15|OB|2026-08-24T09:00:00+00:00|1
B,M15,OB,1,2026-08-24T11:45:00+00:00,1403,1.16607,1.16654,,OB_M15_1403_BULL,M15|OB|2026-08-24T11:45:00+00:00|1
B,M15,FVG,1,2026-08-24T00:45:00+00:00,1359,1.16768,1.16775,,FVG_M15_1359_BULL,M15|FVG|2026-08-24T00:45:00+00:00|1
B,M15,FVG,-1,2026-08-24T02:00:00+00:00,1364,1.16762,1.16777,,FVG_M15_1364_BEAR,M15|FVG|2026-08-24T02:00:00+00:00|-1
B,M15,FVG,1,2026-08-24T03:15:00+00:00,1369,1.16764,1.16821,,FVG_M15_1369_BULL,M15|FVG|2026-08-24T03:15:00+00:00|1
B,M15,FVG,1,2026-08-24T03:30:00+00:00,1370,1.16825,1.16836,,FVG_M15_1370_BULL,M15|FVG|2026-08-24T03:30:00+00:00|1
B,M15,FVG,-1,2026-08-24T04:30:00+00:00,1374,1.16812,1.16823,,FVG_M15_1374_BEAR,M15|FVG|2026-08-24T04:30:00+00:00|-1
B,M15,FVG,-1,2026-08-24T04:45:00+00:00,1375,1.16787,1.16808,,FVG_M15_1375_BEAR,M15|FVG|2026-08-24T04:45:00+00:00|-1
B,M15,FVG,1,2026-08-24T05:15:00+00:00,1377,1.16787,1.16806,,FVG_M15_1377_BULL,M15|FVG|2026-08-24T05:15:00+00:00|1
B,M15,FVG,-1,2026-08-24T11:00:00+00:00,1400,1.16697,1.16707,,FVG_M15_1400_BEAR,M15|FVG|2026-08-24T11:00:00+00:00|-1
B,M5,BOS,1,2026-08-24T00:25:00+00:00,2061,1.16777,,1.16785,,M5|BOS|2026-08-24T00:25:00+00:00|1
B,M5,BOS,-1,2026-08-24T01:45:00+00:00,2077,1.16777,,1.16761,,M5|BOS|2026-08-24T01:45:00+00:00|-1
B,M5,BOS,1,2026-08-24T02:55:00+00:00,2091,1.16764,,1.16793,,M5|BOS|2026-08-24T02:55:00+00:00|1
B,M5,BOS,-1,2026-08-24T04:20:00+00:00,2108,1.16823,,1.168,,M5|BOS|2026-08-24T04:20:00+00:00|-1
B,M5,BOS,1,2026-08-24T05:05:00+00:00,2117,1.16806,,1.1682,,M5|BOS|2026-08-24T05:05:00+00:00|1
B,M5,BOS,-1,2026-08-24T05:40:00+00:00,2124,1.16806,,1.16803,,M5|BOS|2026-08-24T05:40:00+00:00|-1
B,M5,BOS,1,2026-08-24T07:35:00+00:00,2147,1.16804,,1.16805,,M5|BOS|2026-08-24T07:35:00+00:00|1
B,M5,BOS,-1,2026-08-24T08:30:00+00:00,2158,1.16798,,1.16791,,M5|BOS|2026-08-24T08:30:00+00:00|-1
B,M5,BOS,1,2026-08-24T14:35:00+00:00,2231,1.16669,,1.16675,,M5|BOS|2026-08-24T14:35:00+00:00|1
B,M5,BOS,-1,2026-08-24T17:00:00+00:00,2260,1.16665,,1.16651,,M5|BOS|2026-08-24T17:00:00+00:00|-1
B,M5,BOS,1,2026-08-24T17:35:00+00:00,2267,1.16688,,1.16704,,M5|BOS|2026-08-24T17:35:00+00:00|1
B,M5,BOS,-1,2026-08-24T19:55:00+00:00,2295,1.16651,,1.16642,,M5|BOS|2026-08-24T19:55:00+00:00|-1
B,M5,CHOCH,-1,2026-08-24T01:05:00+00:00,2069,1.16777,,1.16767,,M5|CHOCH|2026-08-24T01:05:00+00:00|-1
B,M5,CHOCH,-1,2026-08-24T01:40:00+00:00,2076,1.16777,,1.16756,,M5|CHOCH|2026-08-24T01:40:00+00:00|-1
B,M5,CHOCH,-1,2026-08-24T05:35:00+00:00,2123,1.16806,,1.16805,,M5|CHOCH|2026-08-24T05:35:00+00:00|-1
B,M5,CHOCH,1,2026-08-24T05:45:00+00:00,2125,1.16806,,1.16813,,M5|CHOCH|2026-08-24T05:45:00+00:00|1
B,M5,CHOCH,1,2026-08-24T05:55:00+00:00,2127,1.16806,,1.16814,,M5|CHOCH|2026-08-24T05:55:00+00:00|1
B,M5,CHOCH,1,2026-08-24T07:30:00+00:00,2146,1.16806,,1.16807,,M5|CHOCH|2026-08-24T07:30:00+00:00|1
B,M5,CHOCH,-1,2026-08-24T07:50:00+00:00,2150,1.16804,,1.16803,,M5|CHOCH|2026-08-24T07:50:00+00:00|-1
B,M5,CHOCH,-1,2026-08-24T08:15:00+00:00,2155,1.16804,,1.16803,,M5|CHOCH|2026-08-24T08:15:00+00:00|-1
B,M5,CHOCH,-1,2026-08-24T08:25:00+00:00,2157,1.16804,,1.1679,,M5|CHOCH|2026-08-24T08:25:00+00:00|-1
B,M5,CHOCH,1,2026-08-24T09:00:00+00:00,2164,1.16798,,1.16805,,M5|CHOCH|2026-08-24T09:00:00+00:00|1
B,M5,CHOCH,-1,2026-08-24T14:40:00+00:00,2232,1.16669,,1.16664,,M5|CHOCH|2026-08-24T14:40:00+00:00|-1
B,M5,CHOCH,-1,2026-08-24T15:00:00+00:00,2236,1.16669,,1.16668,,M5|CHOCH|2026-08-24T15:00:00+00:00|-1
B,M5,CHOCH,1,2026-08-24T17:15:00+00:00,2263,1.16665,,1.16678,,M5|CHOCH|2026-08-24T17:15:00+00:00|1
B,M5,CHOCH,-1,2026-08-24T17:40:00+00:00,2268,1.16688,,1.16683,,M5|CHOCH|2026-08-24T17:40:00+00:00|-1
B,M5,CHOCH,-1,2026-08-24T17:55:00+00:00,2271,1.16688,,1.16662,,M5|CHOCH|2026-08-24T17:55:00+00:00|-1
B,M5,CHOCH,-1,2026-08-24T18:40:00+00:00,2280,1.16688,,1.16686,,M5|CHOCH|2026-08-24T18:40:00+00:00|-1
B,M5,MSS,1,2026-08-24T02:55:00+00:00,2091,1.16793,,1.16793,,M5|MSS|2026-08-24T02:55:00+00:00|1
B,M5,MSS,1,2026-08-24T05:05:00+00:00,2117,1.1682,,1.1682,,M5|MSS|2026-08-24T05:05:00+00:00|1
B,M5,DISPLACEMENT,1,2026-08-24T01:10:00+00:00,2070,1.16765,1.1679,1.16789,,M5|DISPLACEMENT|2026-08-24T01:10:00+00:00|1
B,M5,DISPLACEMENT,1,2026-08-24T02:55:00+00:00,2091,1.1677,1.16798,1.16793,,M5|DISPLACEMENT|2026-08-24T02:55:00+00:00|1
B,M5,DISPLACEMENT,1,2026-08-24T03:00:00+00:00,2092,1.16793,1.16825,1.16825,,M5|DISPLACEMENT|2026-08-24T03:00:00+00:00|1
B,M5,DISPLACEMENT,1,2026-08-24T03:05:00+00:00,2093,1.16821,1.16853,1.16852,,M5|DISPLACEMENT|2026-08-24T03:05:00+00:00|1
B,M5,DISPLACEMENT,-1,2026-08-24T01:40:00+00:00,2076,1.16756,1.1678,1.16756,,M5|DISPLACEMENT|2026-08-24T01:40:00+00:00|-1
B,M5,DISPLACEMENT,-1,2026-08-24T10:45:00+00:00,2185,1.16659,1.16734,1.16661,,M5|DISPLACEMENT|2026-08-24T10:45:00+00:00|-1
B,M5,DISPLACEMENT,-1,2026-08-24T20:25:00+00:00,2301,1.16567,1.16623,1.16573,,M5|DISPLACEMENT|2026-08-24T20:25:00+00:00|-1
B,M5,OB,1,2026-08-24T00:10:00+00:00,2058,1.16757,1.16758,,OB_M5_2058_BULL,M5|OB|2026-08-24T00:10:00+00:00|1
B,M5,OB,1,2026-08-24T00:20:00+00:00,2060,1.16764,1.16765,,OB_M5_2060_BULL,M5|OB|2026-08-24T00:20:00+00:00|1
B,M5,OB,-1,2026-08-24T05:50:00+00:00,2126,1.16802,1.16815,,OB_M5_2126_BEAR,M5|OB|2026-08-24T05:50:00+00:00|-1
B,M5,OB,-1,2026-08-24T17:55:00+00:00,2271,1.16676,1.16704,,OB_M5_2271_BEAR,M5|OB|2026-08-24T17:55:00+00:00|-1
B,M5,OB,1,2026-08-24T19:05:00+00:00,2285,1.16638,1.16673,,OB_M5_2285_BULL,M5|OB|2026-08-24T19:05:00+00:00|1
B,M5,FVG,1,2026-08-24T00:15:00+00:00,2059,1.16758,1.16764,,FVG_M5_2059_BULL,M5|FVG|2026-08-24T00:15:00+00:00|1
B,M5,FVG,1,2026-08-24T00:25:00+00:00,2061,1.16765,1.16778,,FVG_M5_2061_BULL,M5|FVG|2026-08-24T00:25:00+00:00|1
B,M5,FVG,1,2026-08-24T00:30:00+00:00,2062,1.1678,1.16782,,FVG_M5_2062_BULL,M5|FVG|2026-08-24T00:30:00+00:00|1
B,M5,FVG,-1,2026-08-24T01:45:00+00:00,2077,1.16766,1.16777,,FVG_M5_2077_BEAR,M5|FVG|2026-08-24T01:45:00+00:00|-1
B,M5,FVG,-1,2026-08-24T02:20:00+00:00,2084,1.16756,1.16758,,FVG_M5_2084_BEAR,M5|FVG|2026-08-24T02:20:00+00:00|-1
B,M5,FVG,1,2026-08-24T02:30:00+00:00,2086,1.16756,1.16757,,FVG_M5_2086_BULL,M5|FVG|2026-08-24T02:30:00+00:00|1
B,M5,FVG,1,2026-08-24T02:55:00+00:00,2091,1.16762,1.1677,,FVG_M5_2091_BULL,M5|FVG|2026-08-24T02:55:00+00:00|1
B,M5,FVG,1,2026-08-24T03:00:00+00:00,2092,1.16775,1.16793,,FVG_M5_2092_BULL,M5|FVG|2026-08-24T03:00:00+00:00|1
B,M5,FVG,1,2026-08-24T03:05:00+00:00,2093,1.16798,1.16821,,FVG_M5_2093_BULL,M5|FVG|2026-08-24T03:05:00+00:00|1
B,M5,FVG,1,2026-08-24T03:10:00+00:00,2094,1.16825,1.16835,,FVG_M5_2094_BULL,M5|FVG|2026-08-24T03:10:00+00:00|1
B,M5,FVG,-1,2026-08-24T04:20:00+00:00,2108,1.16812,1.16818,,FVG_M5_2108_BEAR,M5|FVG|2026-08-24T04:20:00+00:00|-1
B,M5,FVG,-1,2026-08-24T04:25:00+00:00,2109,1.16802,1.16808,,FVG_M5_2109_BEAR,M5|FVG|2026-08-24T04:25:00+00:00|-1
B,M5,FVG,-1,2026-08-24T04:35:00+00:00,2111,1.16779,1.16785,,FVG_M5_2111_BEAR,M5|FVG|2026-08-24T04:35:00+00:00|-1
B,M5,FVG,1,2026-08-24T04:50:00+00:00,2114,1.16782,1.16783,,FVG_M5_2114_BULL,M5|FVG|2026-08-24T04:50:00+00:00|1
B,M5,FVG,1,2026-08-24T04:55:00+00:00,2115,1.16787,1.168,,FVG_M5_2115_BULL,M5|FVG|2026-08-24T04:55:00+00:00|1
B,M5,FVG,1,2026-08-24T05:00:00+00:00,2116,1.16806,1.16812,,FVG_M5_2116_BULL,M5|FVG|2026-08-24T05:00:00+00:00|1
B,M5,FVG,1,2026-08-24T05:20:00+00:00,2120,1.16826,1.16831,,FVG_M5_2120_BULL,M5|FVG|2026-08-24T05:20:00+00:00|1
B,M5,FVG,-1,2026-08-24T05:35:00+00:00,2123,1.16824,1.1683,,FVG_M5_2123_BEAR,M5|FVG|2026-08-24T05:35:00+00:00|-1
B,M5,FVG,-1,2026-08-24T05:40:00+00:00,2124,1.16816,1.16822,,FVG_M5_2124_BEAR,M5|FVG|2026-08-24T05:40:00+00:00|-1
B,M5,FVG,-1,2026-08-24T06:50:00+00:00,2138,1.16802,1.16804,,FVG_M5_2138_BEAR,M5|FVG|2026-08-24T06:50:00+00:00|-1
B,M5,FVG,-1,2026-08-24T07:10:00+00:00,2142,1.1678,1.16792,,FVG_M5_2142_BEAR,M5|FVG|2026-08-24T07:10:00+00:00|-1
B,M5,FVG,1,2026-08-24T07:30:00+00:00,2146,1.16782,1.16784,,FVG_M5_2146_BULL,M5|FVG|2026-08-24T07:30:00+00:00|1
B,M5,FVG,1,2026-08-24T07:35:00+00:00,2147,1.16791,1.168,,FVG_M5_2147_BULL,M5|FVG|2026-08-24T07:35:00+00:00|1
B,M5,FVG,-1,2026-08-24T08:45:00+00:00,2161,1.16778,1.16782,,FVG_M5_2161_BEAR,M5|FVG|2026-08-24T08:45:00+00:00|-1
B,M5,FVG,1,2026-08-24T09:00:00+00:00,2164,1.16775,1.16782,,FVG_M5_2164_BULL,M5|FVG|2026-08-24T09:00:00+00:00|1
B,M5,FVG,-1,2026-08-24T09:30:00+00:00,2170,1.16761,1.16771,,FVG_M5_2170_BEAR,M5|FVG|2026-08-24T09:30:00+00:00|-1
B,M5,FVG,1,2026-08-24T09:40:00+00:00,2172,1.16761,1.16772,,FVG_M5_2172_BULL,M5|FVG|2026-08-24T09:40:00+00:00|1
B,M5,FVG,-1,2026-08-24T10:15:00+00:00,2179,1.16771,1.16775,,FVG_M5_2179_BEAR,M5|FVG|2026-08-24T10:15:00+00:00|-1
B,M5,FVG,-1,2026-08-24T10:20:00+00:00,2180,1.16734,1.16741,,FVG_M5_2180_BEAR,M5|FVG|2026-08-24T10:20:00+00:00|-1
B,M5,FVG,-1,2026-08-24T10:45:00+00:00,2185,1.16734,1.16736,,FVG_M5_2185_BEAR,M5|FVG|2026-08-24T10:45:00+00:00|-1
B,M5,FVG,-1,2026-08-24T10:50:00+00:00,2186,1.16678,1.16732,,FVG_M5_2186_BEAR,M5|FVG|2026-08-24T10:50:00+00:00|-1
B,M5,FVG,-1,2026-08-24T11:20:00+00:00,2192,1.16647,1.16649,,FVG_M5_2192_BEAR,M5|FVG|2026-08-24T11:20:00+00:00|-1
B,M5,FVG,1,2026-08-24T11:45:00+00:00,2197,1.16632,1.1664,,FVG_M5_2197_BULL,M5|FVG|2026-08-24T11:45:00+00:00|1
B,M5,FVG,1,2026-08-24T12:55:00+00:00,2211,1.1663,1.16637,,FVG_M5_2211_BULL,M5|FVG|2026-08-24T12:55:00+00:00|1
B,M5,FVG,-1,2026-08-24T13:50:00+00:00,2222,1.16638,1.16642,,FVG_M5_2222_BEAR,M5|FVG|2026-08-24T13:50:00+00:00|-1
B,M5,FVG,1,2026-08-24T14:00:00+00:00,2224,1.16638,1.16641,,FVG_M5_2224_BULL,M5|FVG|2026-08-24T14:00:00+00:00|1
B,M5,FVG,1,2026-08-24T14:30:00+00:00,2230,1.16655,1.16668,,FVG_M5_2230_BULL,M5|FVG|2026-08-24T14:30:00+00:00|1
B,M5,FVG,1,2026-08-24T15:25:00+00:00,2241,1.16662,1.16666,,FVG_M5_2241_BULL,M5|FVG|2026-08-24T15:25:00+00:00|1
B,M5,FVG,1,2026-08-24T15:30:00+00:00,2242,1.16681,1.167,,FVG_M5_2242_BULL,M5|FVG|2026-08-24T15:30:00+00:00|1
B,M5,FVG,1,2026-08-24T16:20:00+00:00,2252,1.16716,1.16726,,FVG_M5_2252_BULL,M5|FVG|2026-08-24T16:20:00+00:00|1
B,M5,FVG,1,2026-08-24T17:30:00+00:00,2266,1.16681,1.16686,,FVG_M5_2266_BULL,M5|FVG|2026-08-24T17:30:00+00:00|1
B,M5,FVG,-1,2026-08-24T17:45:00+00:00,2269,1.16688,1.16693,,FVG_M5_2269_BEAR,M5|FVG|2026-08-24T17:45:00+00:00|-1
B,M5,FVG,-1,2026-08-24T20:30:00+00:00,2302,1.16591,1.16611,,FVG_M5_2302_BEAR,M5|FVG|2026-08-24T20:30:00+00:00|-1
B,M1,BOS,-1,2026-08-24T00:14:00+00:00,10298,1.16765,,1.16764,,M1|BOS|2026-08-24T00:14:00+00:00|-1
B,M1,BOS,1,2026-08-24T00:18:00+00:00,10302,1.16768,,1.16771,,M1|BOS|2026-08-24T00:18:00+00:00|1
B,M1,BOS,-1,2026-08-24T00:41:00+00:00,10325,1.16779,,1.16777,,M1|BOS|2026-08-24T00:41:00+00:00|-1
B,M1,BOS,1,2026-08-24T01:08:00+00:00,10352,1.16767,,1.16775,,M1|BOS|2026-08-24T01:08:00+00:00|1
B,M1,BOS,-1,2026-08-24T01:36:00+00:00,10380,1.16781,,1.16768,,M1|BOS|2026-08-24T01:36:00+00:00|-1
B,M1,BOS,1,2026-08-24T02:05:00+00:00,10409,1.16759,,1.16761,,M1|BOS|2026-08-24T02:05:00+00:00|1
B,M1,BOS,-1,2026-08-24T02:16:00+00:00,10420,1.16755,,1.16754,,M1|BOS|2026-08-24T02:16:00+00:00|-1
B,M1,BOS,1,2026-08-24T02:25:00+00:00,10429,1.16758,,1.16761,,M1|BOS|2026-08-24T02:25:00+00:00|1
B,M1,BOS,-1,2026-08-24T02:35:00+00:00,10439,1.16757,,1.16753,,M1|BOS|2026-08-24T02:35:00+00:00|-1
B,M1,BOS,1,2026-08-24T02:51:00+00:00,10455,1.16768,,1.16773,,M1|BOS|2026-08-24T02:51:00+00:00|1
B,M1,BOS,-1,2026-08-24T03:22:00+00:00,10486,1.16845,,1.1684,,M1|BOS|2026-08-24T03:22:00+00:00|-1
B,M1,BOS,1,2026-08-24T03:59:00+00:00,10523,1.16841,,1.16846,,M1|BOS|2026-08-24T03:59:00+00:00|1
B,M1,BOS,-1,2026-08-24T04:16:00+00:00,10540,1.16818,,1.16802,,M1|BOS|2026-08-24T04:16:00+00:00|-1
B,M1,BOS,1,2026-08-24T04:45:00+00:00,10569,1.16782,,1.16785,,M1|BOS|2026-08-24T04:45:00+00:00|1
B,M1,BOS,-1,2026-08-24T05:29:00+00:00,10613,1.1683,,1.16825,,M1|BOS|2026-08-24T05:29:00+00:00|-1
B,M1,BOS,1,2026-08-24T05:57:00+00:00,10641,1.16806,,1.16828,,M1|BOS|2026-08-24T05:57:00+00:00|1
B,M1,BOS,-1,2026-08-24T06:03:00+00:00,10647,1.16817,,1.16809,,M1|BOS|2026-08-24T06:03:00+00:00|-1
B,M1,BOS,1,2026-08-24T07:28:00+00:00,10732,1.16789,,1.16798,,M1|BOS|2026-08-24T07:28:00+00:00|1
B,M1,BOS,-1,2026-08-24T08:05:00+00:00,10769,1.16811,,1.16809,,M1|BOS|2026-08-24T08:05:00+00:00|-1
B,M1,BOS,1,2026-08-24T08:53:00+00:00,10817,1.16775,,1.16783,,M1|BOS|2026-08-24T08:53:00+00:00|1
B,M1,BOS,-1,2026-08-24T09:07:00+00:00,10831,1.1679,,1.16788,,M1|BOS|2026-08-24T09:07:00+00:00|-1
B,M1,BOS,1,2026-08-24T09:34:00+00:00,10858,1.16764,,1.1677,,M1|BOS|2026-08-24T09:34:00+00:00|1
B,M1,BOS,-1,2026-08-24T09:59:00+00:00,10883,1.16781,,1.16774,,M1|BOS|2026-08-24T09:59:00+00:00|-1
B,M1,BOS,1,2026-08-24T10:24:00+00:00,10908,1.16737,,1.16743,,M1|BOS|2026-08-24T10:24:00+00:00|1
B,M1,BOS,-1,2026-08-24T10:41:00+00:00,10925,1.16747,,1.16727,,M1|BOS|2026-08-24T10:41:00+00:00|-1
B,M1,BOS,1,2026-08-24T11:40:00+00:00,10984,1.16633,,1.16645,,M1|BOS|2026-08-24T11:40:00+00:00|1
B,M1,BOS,-1,2026-08-24T11:57:00+00:00,11001,1.16651,,1.16647,,M1|BOS|2026-08-24T11:57:00+00:00|-1
B,M1,BOS,1,2026-08-24T12:32:00+00:00,11036,1.16629,,1.1664,,M1|BOS|2026-08-24T12:32:00+00:00|1
B,M1,BOS,-1,2026-08-24T12:37:00+00:00,11041,1.1662,,1.16607,,M1|BOS|2026-08-24T12:37:00+00:00|-1
B,M1,BOS,1,2026-08-24T12:46:00+00:00,11050,1.16625,,1.16631,,M1|BOS|2026-08-24T12:46:00+00:00|1
B,M1,BOS,-1,2026-08-24T13:40:00+00:00,11104,1.16646,,1.16644,,M1|BOS|2026-08-24T13:40:00+00:00|-1
B,M1,BOS,1,2026-08-24T13:53:00+00:00,11117,1.16636,,1.16652,,M1|BOS|2026-08-24T13:53:00+00:00|1
B,M1,BOS,-1,2026-08-24T14:03:00+00:00,11127,1.16641,,1.16637,,M1|BOS|2026-08-24T14:03:00+00:00|-1
B,M1,BOS,1,2026-08-24T14:25:00+00:00,11149,1.16657,,1.16669,,M1|BOS|2026-08-24T14:25:00+00:00|1
B,M1,BOS,-1,2026-08-24T14:34:00+00:00,11158,1.16665,,1.16658,,M1|BOS|2026-08-24T14:34:00+00:00|-1
B,M1,BOS,1,2026-08-24T14:38:00+00:00,11162,1.16683,,1.16702,,M1|BOS|2026-08-24T14:38:00+00:00|1
B,M1,BOS,-1,2026-08-24T14:45:00+00:00,11169,1.1666,,1.16658,,M1|BOS|2026-08-24T14:45:00+00:00|-1
B,M1,BOS,1,2026-08-24T15:13:00+00:00,11197,1.16647,,1.16653,,M1|BOS|2026-08-24T15:13:00+00:00|1
B,M1,BOS,-1,2026-08-24T15:34:00+00:00,11218,1.167,,1.16694,,M1|BOS|2026-08-24T15:34:00+00:00|-1
B,M1,BOS,1,2026-08-24T15:53:00+00:00,11237,1.16698,,1.16711,,M1|BOS|2026-08-24T15:53:00+00:00|1
B,M1,BOS,-1,2026-08-24T16:08:00+00:00,11252,1.16695,,1.16691,,M1|BOS|2026-08-24T16:08:00+00:00|-1
B,M1,BOS,1,2026-08-24T16:13:00+00:00,11257,1.16707,,1.16716,,M1|BOS|2026-08-24T16:13:00+00:00|1
B,M1,BOS,-1,2026-08-24T16:28:00+00:00,11272,1.16722,,1.16713,,M1|BOS|2026-08-24T16:28:00+00:00|-1
B,M1,BOS,1,2026-08-24T17:15:00+00:00,11319,1.16668,,1.16678,,M1|BOS|2026-08-24T17:15:00+00:00|1
B,M1,BOS,-1,2026-08-24T17:40:00+00:00,11344,1.16693,,1.16683,,M1|BOS|2026-08-24T17:40:00+00:00|-1
B,M1,BOS,1,2026-08-24T17:48:00+00:00,11352,1.1668,,1.16699,,M1|BOS|2026-08-24T17:48:00+00:00|1
B,M1,BOS,-1,2026-08-24T18:46:00+00:00,11410,1.16683,,1.16678,,M1|BOS|2026-08-24T18:46:00+00:00|-1
B,M1,BOS,1,2026-08-24T20:33:00+00:00,11517,1.16591,,1.16592,,M1|BOS|2026-08-24T20:33:00+00:00|1
B,M1,CHOCH,1,2026-08-24T00:17:00+00:00,10301,1.16765,,1.16772,,M1|CHOCH|2026-08-24T00:17:00+00:00|1
B,M1,CHOCH,-1,2026-08-24T02:07:00+00:00,10411,1.16759,,1.16758,,M1|CHOCH|2026-08-24T02:07:00+00:00|-1
B,M1,CHOCH,-1,2026-08-24T02:09:00+00:00,10413,1.16759,,1.16758,,M1|CHOCH|2026-08-24T02:09:00+00:00|-1
B,M1,CHOCH,-1,2026-08-24T02:13:00+00:00,10417,1.16759,,1.16758,,M1|CHOCH|2026-08-24T02:13:00+00:00|-1
B,M1,CHOCH,1,2026-08-24T02:22:00+00:00,10426,1.16755,,1.16758,,M1|CHOCH|2026-08-24T02:22:00+00:00|1
B,M1,CHOCH,-1,2026-08-24T02:28:00+00:00,10432,1.16758,,1.16757,,M1|CHOCH|2026-08-24T02:28:00+00:00|-1
B,M1,CHOCH,-1,2026-08-24T02:34:00+00:00,10438,1.16758,,1.16752,,M1|CHOCH|2026-08-24T02:34:00+00:00|-1
B,M1,CHOCH,1,2026-08-24T02:36:00+00:00,10440,1.16757,,1.16759,,M1|CHOCH|2026-08-24T02:36:00+00:00|1
B,M1,CHOCH,1,2026-08-24T02:39:00+00:00,10443,1.16757,,1.16758,,M1|CHOCH|2026-08-24T02:39:00+00:00|1
B,M1,CHOCH,1,2026-08-24T02:45:00+00:00,10449,1.16757,,1.16761,,M1|CHOCH|2026-08-24T02:45:00+00:00|1
B,M1,CHOCH,1,2026-08-24T03:23:00+00:00,10487,1.16845,,1.16852,,M1|CHOCH|2026-08-24T03:23:00+00:00|1
B,M1,CHOCH,-1,2026-08-24T04:03:00+00:00,10527,1.16841,,1.1684,,M1|CHOCH|2026-08-24T04:03:00+00:00|-1
B,M1,CHOCH,-1,2026-08-24T04:08:00+00:00,10532,1.16841,,1.16832,,M1|CHOCH|2026-08-24T04:08:00+00:00|-1
B,M1,CHOCH,1,2026-08-24T06:27:00+00:00,10671,1.16817,,1.16818,,M1|CHOCH|2026-08-24T06:27:00+00:00|1
B,M1,CHOCH,1,2026-08-24T08:18:00+00:00,10782,1.16811,,1.16815,,M1|CHOCH|2026-08-24T08:18:00+00:00|1
B,M1,CHOCH,1,2026-08-24T09:10:00+00:00,10834,1.1679,,1.16793,,M1|CHOCH|2026-08-24T09:10:00+00:00|1
B,M1,CHOCH,-1,2026-08-24T09:48:00+00:00,10872,1.16764,,1.16761,,M1|CHOCH|2026-08-24T09:48:00+00:00|-1
B,M1,CHOCH,1,2026-08-24T10:01:00+00:00,10885,1.16781,,1.16794,,M1|CHOCH|2026-08-24T10:01:00+00:00|1
B,M1,CHOCH,-1,2026-08-24T10:27:00+00:00,10911,1.16737,,1.1673,,M1|CHOCH|2026-08-24T10:27:00+00:00|-1
B,M1,CHOCH,-1,2026-08-24T10:40:00+00:00,10924,1.16737,,1.16732,,M1|CHOCH|2026-08-24T10:40:00+00:00|-1
B,M1,CHOCH,1,2026-08-24T12:03:00+00:00,11007,1.16651,,1.16655,,M1|CHOCH|2026-08-24T12:03:00+00:00|1
B,M1,CHOCH,-1,2026-08-24T12:34:00+00:00,11038,1.16629,,1.16621,,M1|CHOCH|2026-08-24T12:34:00+00:00|-1
B,M1,CHOCH,1,2026-08-24T12:39:00+00:00,11043,1.1662,,1.16621,,M1|CHOCH|2026-08-24T12:39:00+00:00|1
B,M1,CHOCH,1,2026-08-24T12:44:00+00:00,11048,1.1662,,1.16622,,M1|CHOCH|2026-08-24T12:44:00+00:00|1
B,M1,CHOCH,1,2026-08-24T14:04:00+00:00,11128,1.16641,,1.16642,,M1|CHOCH|2026-08-24T14:04:00+00:00|1
B,M1,CHOCH,1,2026-08-24T14:06:00+00:00,11130,1.16641,,1.16642,,M1|CHOCH|2026-08-24T14:06:00+00:00|1
B,M1,CHOCH,1,2026-08-24T14:13:00+00:00,11137,1.16641,,1.16652,,M1|CHOCH|2026-08-24T14:13:00+00:00|1
B,M1,CHOCH,1,2026-08-24T14:18:00+00:00,11142,1.16641,,1.16651,,M1|CHOCH|2026-08-24T14:18:00+00:00|1
B,M1,CHOCH,1,2026-08-24T14:35:00+00:00,11159,1.16665,,1.16675,,M1|CHOCH|2026-08-24T14:35:00+00:00|1
B,M1,CHOCH,-1,2026-08-24T14:40:00+00:00,11164,1.16683,,1.16664,,M1|CHOCH|2026-08-24T14:40:00+00:00|-1
B,M1,CHOCH,1,2026-08-24T14:46:00+00:00,11170,1.1666,,1.16663,,M1|CHOCH|2026-08-24T14:46:00+00:00|1
B,M1,CHOCH,1,2026-08-24T14:54:00+00:00,11178,1.1666,,1.16664,,M1|CHOCH|2026-08-24T14:54:00+00:00|1
B,M1,CHOCH,1,2026-08-24T15:00:00+00:00,11184,1.1666,,1.16668,,M1|CHOCH|2026-08-24T15:00:00+00:00|1
B,M1,CHOCH,1,2026-08-24T15:36:00+00:00,11220,1.167,,1.16708,,M1|CHOCH|2026-08-24T15:36:00+00:00|1
B,M1,CHOCH,1,2026-08-24T15:42:00+00:00,11226,1.167,,1.1672,,M1|CHOCH|2026-08-24T15:42:00+00:00|1
B,M1,CHOCH,1,2026-08-24T15:52:00+00:00,11236,1.167,,1.16707,,M1|CHOCH|2026-08-24T15:52:00+00:00|1
B,M1,CHOCH,-1,2026-08-24T15:58:00+00:00,11242,1.16698,,1.16692,,M1|CHOCH|2026-08-24T15:58:00+00:00|-1
B,M1,CHOCH,-1,2026-08-24T16:07:00+00:00,11251,1.16698,,1.16694,,M1|CHOCH|2026-08-24T16:07:00+00:00|-1
B,M1,CHOCH,1,2026-08-24T16:09:00+00:00,11253,1.16695,,1.16702,,M1|CHOCH|2026-08-24T16:09:00+00:00|1
B,M1,CHOCH,-1,2026-08-24T17:17:00+00:00,11321,1.16668,,1.16645,,M1|CHOCH|2026-08-24T17:17:00+00:00|-1
B,M1,CHOCH,1,2026-08-24T17:47:00+00:00,11351,1.16693,,1.16699,,M1|CHOCH|2026-08-24T17:47:00+00:00|1
B,M1,CHOCH,-1,2026-08-24T17:51:00+00:00,11355,1.1668,,1.16662,,M1|CHOCH|2026-08-24T17:51:00+00:00|-1
B,M1,CHOCH,-1,2026-08-24T18:06:00+00:00,11370,1.1668,,1.16673,,M1|CHOCH|2026-08-24T18:06:00+00:00|-1
B,M1,CHOCH,-1,2026-08-24T18:09:00+00:00,11373,1.1668,,1.16679,,M1|CHOCH|2026-08-24T18:09:00+00:00|-1
B,M1,CHOCH,-1,2026-08-24T18:15:00+00:00,11379,1.1668,,1.16678,,M1|CHOCH|2026-08-24T18:15:00+00:00|-1
B,M1,CHOCH,1,2026-08-24T18:47:00+00:00,11411,1.16683,,1.16689,,M1|CHOCH|2026-08-24T18:47:00+00:00|1
B,M1,CHOCH,1,2026-08-24T19:04:00+00:00,11428,1.16683,,1.16684,,M1|CHOCH|2026-08-24T19:04:00+00:00|1
B,M1,CHOCH,1,2026-08-24T19:13:00+00:00,11437,1.16683,,1.16686,,M1|CHOCH|2026-08-24T19:13:00+00:00|1
B,M1,MSS,-1,2026-08-24T00:41:00+00:00,10325,1.16777,,1.16777,,M1|MSS|2026-08-24T00:41:00+00:00|-1
B,M1,MSS,-1,2026-08-24T01:36:00+00:00,10380,1.16768,,1.16768,,M1|MSS|2026-08-24T01:36:00+00:00|-1
B,M1,MSS,-1,2026-08-24T03:22:00+00:00,10486,1.1684,,1.1684,,M1|MSS|2026-08-24T03:22:00+00:00|-1
B,M1,MSS,1,2026-08-24T04:45:00+00:00,10569,1.16785,,1.16785,,M1|MSS|2026-08-24T04:45:00+00:00|1
B,M1,MSS,1,2026-08-24T05:57:00+00:00,10641,1.16828,,1.16828,,M1|MSS|2026-08-24T05:57:00+00:00|1
B,M1,MSS,-1,2026-08-24T08:05:00+00:00,10769,1.16809,,1.16809,,M1|MSS|2026-08-24T08:05:00+00:00|-1
B,M1,MSS,-1,2026-08-24T09:07:00+00:00,10831,1.16788,,1.16788,,M1|MSS|2026-08-24T09:07:00+00:00|-1
B,M1,MSS,1,2026-08-24T11:40:00+00:00,10984,1.16645,,1.16645,,M1|MSS|2026-08-24T11:40:00+00:00|1
B,M1,MSS,-1,2026-08-24T13:40:00+00:00,11104,1.16644,,1.16644,,M1|MSS|2026-08-24T13:40:00+00:00|-1
B,M1,MSS,-1,2026-08-24T14:03:00+00:00,11127,1.16637,,1.16637,,M1|MSS|2026-08-24T14:03:00+00:00|-1
B,M1,MSS,-1,2026-08-24T14:34:00+00:00,11158,1.16658,,1.16658,,M1|MSS|2026-08-24T14:34:00+00:00|-1
B,M1,MSS,-1,2026-08-24T15:34:00+00:00,11218,1.16694,,1.16694,,M1|MSS|2026-08-24T15:34:00+00:00|-1
B,M1,MSS,-1,2026-08-24T16:28:00+00:00,11272,1.16713,,1.16713,,M1|MSS|2026-08-24T16:28:00+00:00|-1
B,M1,DISPLACEMENT,1,2026-08-24T00:06:00+00:00,10290,1.16757,1.16768,1.16768,,M1|DISPLACEMENT|2026-08-24T00:06:00+00:00|1
B,M1,DISPLACEMENT,1,2026-08-24T00:20:00+00:00,10304,1.16771,1.1678,1.1678,,M1|DISPLACEMENT|2026-08-24T00:20:00+00:00|1
B,M1,DISPLACEMENT,1,2026-08-24T00:33:00+00:00,10317,1.16775,1.16781,1.16781,,M1|DISPLACEMENT|2026-08-24T00:33:00+00:00|1
B,M1,DISPLACEMENT,1,2026-08-24T01:03:00+00:00,10347,1.16734,1.1676,1.1676,,M1|DISPLACEMENT|2026-08-24T01:03:00+00:00|1
B,M1,DISPLACEMENT,1,2026-08-24T01:31:00+00:00,10375,1.16788,1.16798,1.16796,,M1|DISPLACEMENT|2026-08-24T01:31:00+00:00|1
B,M1,DISPLACEMENT,1,2026-08-24T02:45:00+00:00,10449,1.16752,1.16762,1.16761,,M1|DISPLACEMENT|2026-08-24T02:45:00+00:00|1
B,M1,DISPLACEMENT,1,2026-08-24T02:53:00+00:00,10457,1.16778,1.16788,1.16787,,M1|DISPLACEMENT|2026-08-24T02:53:00+00:00|1
B,M1,DISPLACEMENT,1,2026-08-24T03:50:00+00:00,10514,1.16827,1.16842,1.16842,,M1|DISPLACEMENT|2026-08-24T03:50:00+00:00|1
B,M1,DISPLACEMENT,1,2026-08-24T04:49:00+00:00,10573,1.16785,1.16802,1.168,,M1|DISPLACEMENT|2026-08-24T04:49:00+00:00|1
B,M1,DISPLACEMENT,1,2026-08-24T04:51:00+00:00,10575,1.16806,1.16822,1.16818,,M1|DISPLACEMENT|2026-08-24T04:51:00+00:00|1
B,M1,DISPLACEMENT,1,2026-08-24T05:45:00+00:00,10629,1.16803,1.16815,1.16813,,M1|DISPLACEMENT|2026-08-24T05:45:00+00:00|1
B,M1,DISPLACEMENT,1,2026-08-24T05:55:00+00:00,10639,1.16801,1.16817,1.16814,,M1|DISPLACEMENT|2026-08-24T05:55:00+00:00|1
B,M1,DISPLACEMENT,1,2026-08-24T09:49:00+00:00,10873,1.16759,1.16775,1.16774,,M1|DISPLACEMENT|2026-08-24T09:49:00+00:00|1
B,M1,DISPLACEMENT,1,2026-08-24T10:30:00+00:00,10914,1.16735,1.16759,1.16757,,M1|DISPLACEMENT|2026-08-24T10:30:00+00:00|1
B,M1,DISPLACEMENT,1,2026-08-24T11:43:00+00:00,10987,1.16641,1.16662,1.1666,,M1|DISPLACEMENT|2026-08-24T11:43:00+00:00|1
B,M1,DISPLACEMENT,1,2026-08-24T13:19:00+00:00,11083,1.16645,1.16666,1.1666,,M1|DISPLACEMENT|2026-08-24T13:19:00+00:00|1
B,M1,DISPLACEMENT,1,2026-08-24T14:35:00+00:00,11159,1.16655,1.16675,1.16675,,M1|DISPLACEMENT|2026-08-24T14:35:00+00:00|1
B,M1,DISPLACEMENT,1,2026-08-24T15:17:00+00:00,11201,1.16646,1.16678,1.16673,,M1|DISPLACEMENT|2026-08-24T15:17:00+00:00|1
B,M1,DISPLACEMENT,1,2026-08-24T15:34:00+00:00,11218,1.16653,1.16699,1.16694,,M1|DISPLACEMENT|2026-08-24T15:34:00+00:00|1
B,M1,DISPLACEMENT,1,2026-08-24T17:14:00+00:00,11318,1.16642,1.16683,1.1668,,M1|DISPLACEMENT|2026-08-24T17:14:00+00:00|1
B,M1,DISPLACEMENT,-1,2026-08-24T00:32:00+00:00,10316,1.16775,1.16782,1.16775,,M1|DISPLACEMENT|2026-08-24T00:32:00+00:00|-1
B,M1,DISPLACEMENT,-1,2026-08-24T00:37:00+00:00,10321,1.16779,1.16783,1.16779,,M1|DISPLACEMENT|2026-08-24T00:37:00+00:00|-1
B,M1,DISPLACEMENT,-1,2026-08-24T01:02:00+00:00,10346,1.16727,1.16761,1.16734,,M1|DISPLACEMENT|2026-08-24T01:02:00+00:00|-1
B,M1,DISPLACEMENT,-1,2026-08-24T01:32:00+00:00,10376,1.16781,1.16796,1.16782,,M1|DISPLACEMENT|2026-08-24T01:32:00+00:00|-1
B,M1,DISPLACEMENT,-1,2026-08-24T02:34:00+00:00,10438,1.16751,1.16758,1.16752,,M1|DISPLACEMENT|2026-08-24T02:34:00+00:00|-1
B,M1,DISPLACEMENT,-1,2026-08-24T02:38:00+00:00,10442,1.16756,1.16763,1.16756,,M1|DISPLACEMENT|2026-08-24T02:38:00+00:00|-1
B,M1,DISPLACEMENT,-1,2026-08-24T06:12:00+00:00,10656,1.16791,1.16807,1.16794,,M1|DISPLACEMENT|2026-08-24T06:12:00+00:00|-1
B,M1,DISPLACEMENT,-1,2026-08-24T07:05:00+00:00,10709,1.16779,1.16794,1.16779,,M1|DISPLACEMENT|2026-08-24T07:05:00+00:00|-1
B,M1,DISPLACEMENT,-1,2026-08-24T07:10:00+00:00,10714,1.1676,1.16772,1.1676,,M1|DISPLACEMENT|2026-08-24T07:10:00+00:00|-1
B,M1,DISPLACEMENT,-1,2026-08-24T10:44:00+00:00,10928,1.16662,1.167,1.16665,,M1|DISPLACEMENT|2026-08-24T10:44:00+00:00|-1
B,M1,DISPLACEMENT,-1,2026-08-24T11:26:00+00:00,10970,1.16607,1.16634,1.16608,,M1|DISPLACEMENT|2026-08-24T11:26:00+00:00|-1
B,M1,DISPLACEMENT,-1,2026-08-24T14:40:00+00:00,11164,1.16661,1.16713,1.16664,,M1|DISPLACEMENT|2026-08-24T14:40:00+00:00|-1
B,M1,DISPLACEMENT,-1,2026-08-24T15:06:00+00:00,11190,1.16633,1.1666,1.16636,,M1|DISPLACEMENT|2026-08-24T15:06:00+00:00|-1
B,M1,DISPLACEMENT,-1,2026-08-24T15:33:00+00:00,11217,1.16645,1.16712,1.16653,,M1|DISPLACEMENT|2026-08-24T15:33:00+00:00|-1
B,M1,DISPLACEMENT,-1,2026-08-24T16:42:00+00:00,11286,1.16675,1.1671,1.16677,,M1|DISPLACEMENT|2026-08-24T16:42:00+00:00|-1
B,M1,DISPLACEMENT,-1,2026-08-24T17:17:00+00:00,11321,1.16644,1.16678,1.16645,,M1|DISPLACEMENT|2026-08-24T17:17:00+00:00|-1
B,M1,DISPLACEMENT,-1,2026-08-24T17:51:00+00:00,11355,1.1666,1.16704,1.16662,,M1|DISPLACEMENT|2026-08-24T17:51:00+00:00|-1
B,M1,OB,1,2026-08-24T00:06:00+00:00,10290,1.16757,1.16758,,OB_M1_10290_BULL,M1|OB|2026-08-24T00:06:00+00:00|1
B,M1,OB,-1,2026-08-24T00:37:00+00:00,10321,1.16782,1.16783,,OB_M1_10321_BEAR,M1|OB|2026-08-24T00:37:00+00:00|-1
B,M1,OB,-1,2026-08-24T01:32:00+00:00,10376,1.16788,1.16798,,OB_M1_10376_BEAR,M1|OB|2026-08-24T01:32:00+00:00|-1
B,M1,OB,-1,2026-08-24T02:38:00+00:00,10442,1.16758,1.16764,,OB_M1_10442_BEAR,M1|OB|2026-08-24T02:38:00+00:00|-1
B,M1,OB,-1,2026-08-24T03:09:00+00:00,10473,1.16844,1.1686,,OB_M1_10473_BEAR,M1|OB|2026-08-24T03:09:00+00:00|-1
B,M1,OB,1,2026-08-24T03:11:00+00:00,10475,1.16835,1.16845,,OB_M1_10475_BULL,M1|OB|2026-08-24T03:11:00+00:00|1
B,M1,OB,-1,2026-08-24T06:09:00+00:00,10653,1.16808,1.16817,,OB_M1_10653_BEAR,M1|OB|2026-08-24T06:09:00+00:00|-1
B,M1,OB,-1,2026-08-24T06:28:00+00:00,10672,1.16815,1.16818,,OB_M1_10672_BEAR,M1|OB|2026-08-24T06:28:00+00:00|-1
B,M1,OB,1,2026-08-24T06:46:00+00:00,10690,1.16796,1.16798,,OB_M1_10690_BULL,M1|OB|2026-08-24T06:46:00+00:00|1
B,M1,OB,1,2026-08-24T07:11:00+00:00,10715,1.1676,1.16772,,OB_M1_10715_BULL,M1|OB|2026-08-24T07:11:00+00:00|1
B,M1,OB,1,2026-08-24T07:24:00+00:00,10728,1.16778,1.16784,,OB_M1_10728_BULL,M1|OB|2026-08-24T07:24:00+00:00|1
B,M1,OB,1,2026-08-24T07:53:00+00:00,10757,1.16802,1.16807,,OB_M1_10757_BULL,M1|OB|2026-08-24T07:53:00+00:00|1
B,M1,OB,1,2026-08-24T08:56:00+00:00,10820,1.1678,1.16787,,OB_M1_10820_BULL,M1|OB|2026-08-24T08:56:00+00:00|1
B,M1,OB,1,2026-08-24T09:24:00+00:00,10848,1.16747,1.16758,,OB_M1_10848_BULL,M1|OB|2026-08-24T09:24:00+00:00|1
B,M1,OB,1,2026-08-24T09:29:00+00:00,10853,1.16744,1.16752,,OB_M1_10853_BULL,M1|OB|2026-08-24T09:29:00+00:00|1
B,M1,OB,1,2026-08-24T11:35:00+00:00,10979,1.16615,1.16621,,OB_M1_10979_BULL,M1|OB|2026-08-24T11:35:00+00:00|1
B,M1,OB,1,2026-08-24T11:37:00+00:00,10981,1.16622,1.16628,,OB_M1_10981_BULL,M1|OB|2026-08-24T11:37:00+00:00|1
B,M1,OB,1,2026-08-24T11:43:00+00:00,10987,1.1664,1.16648,,OB_M1_10987_BULL,M1|OB|2026-08-24T11:43:00+00:00|1
B,M1,OB,1,2026-08-24T11:48:00+00:00,10992,1.16641,1.16652,,OB_M1_10992_BULL,M1|OB|2026-08-24T11:48:00+00:00|1
B,M1,OB,1,2026-08-24T12:15:00+00:00,11019,1.16612,1.16628,,OB_M1_11019_BULL,M1|OB|2026-08-24T12:15:00+00:00|1
B,M1,OB,1,2026-08-24T13:19:00+00:00,11083,1.16644,1.16652,,OB_M1_11083_BULL,M1|OB|2026-08-24T13:19:00+00:00|1
B,M1,OB,-1,2026-08-24T13:28:00+00:00,11092,1.16654,1.1666,,OB_M1_11092_BEAR,M1|OB|2026-08-24T13:28:00+00:00|-1
B,M1,OB,1,2026-08-24T14:35:00+00:00,11159,1.16657,1.1667,,OB_M1_11159_BULL,M1|OB|2026-08-24T14:35:00+00:00|1
B,M1,OB,1,2026-08-24T15:20:00+00:00,11204,1.16669,1.16679,,OB_M1_11204_BULL,M1|OB|2026-08-24T15:20:00+00:00|1
B,M1,OB,-1,2026-08-24T15:31:00+00:00,11215,1.1672,1.16735,,OB_M1_11215_BEAR,M1|OB|2026-08-24T15:31:00+00:00|-1
B,M1,OB,-1,2026-08-24T17:51:00+00:00,11355,1.16697,1.16704,,OB_M1_11355_BEAR,M1|OB|2026-08-24T17:51:00+00:00|-1
B,M1,OB,1,2026-08-24T18:18:00+00:00,11382,1.16666,1.16676,,OB_M1_11382_BULL,M1|OB|2026-08-24T18:18:00+00:00|1
B,M1,OB,-1,2026-08-24T18:45:00+00:00,11409,1.16688,1.16697,,OB_M1_11409_BEAR,M1|OB|2026-08-24T18:45:00+00:00|-1
B,M1,OB,-1,2026-08-24T19:01:00+00:00,11425,1.16638,1.16649,,OB_M1_11425_BEAR,M1|OB|2026-08-24T19:01:00+00:00|-1
B,M1,OB,1,2026-08-24T19:02:00+00:00,11426,1.16629,1.16647,,OB_M1_11426_BULL,M1|OB|2026-08-24T19:02:00+00:00|1
B,M1,OB,-1,2026-08-24T19:09:00+00:00,11433,1.16663,1.16672,,OB_M1_11433_BEAR,M1|OB|2026-08-24T19:09:00+00:00|-1
B,M1,OB,-1,2026-08-24T19:14:00+00:00,11438,1.16676,1.16686,,OB_M1_11438_BEAR,M1|OB|2026-08-24T19:14:00+00:00|-1
B,M1,FVG,1,2026-08-24T00:07:00+00:00,10291,1.16758,1.16768,,FVG_M1_10291_BULL,M1|FVG|2026-08-24T00:07:00+00:00|1
B,M1,FVG,-1,2026-08-24T00:09:00+00:00,10293,1.16766,1.16768,,FVG_M1_10293_BEAR,M1|FVG|2026-08-24T00:09:00+00:00|-1
B,M1,FVG,-1,2026-08-24T00:10:00+00:00,10294,1.16765,1.16766,,FVG_M1_10294_BEAR,M1|FVG|2026-08-24T00:10:00+00:00|-1
B,M1,FVG,-1,2026-08-24T00:14:00+00:00,10298,1.16764,1.16765,,FVG_M1_10298_BEAR,M1|FVG|2026-08-24T00:14:00+00:00|-1
B,M1,FVG,1,2026-08-24T00:17:00+00:00,10301,1.16764,1.16765,,FVG_M1_10301_BULL,M1|FVG|2026-08-24T00:17:00+00:00|1
B,M1,FVG,1,2026-08-24T00:18:00+00:00,10302,1.16765,1.16771,,FVG_M1_10302_BULL,M1|FVG|2026-08-24T00:18:00+00:00|1
B,M1,FVG,1,2026-08-24T00:21:00+00:00,10305,1.16771,1.1678,,FVG_M1_10305_BULL,M1|FVG|2026-08-24T00:21:00+00:00|1
B,M1,FVG,1,2026-08-24T00:24:00+00:00,10308,1.16781,1.16784,,FVG_M1_10308_BULL,M1|FVG|2026-08-24T00:24:00+00:00|1
B,M1,FVG,1,2026-08-24T00:25:00+00:00,10309,1.16784,1.16785,,FVG_M1_10309_BULL,M1|FVG|2026-08-24T00:25:00+00:00|1
B,M1,FVG,-1,2026-08-24T00:31:00+00:00,10315,1.16784,1.16785,,FVG_M1_10315_BEAR,M1|FVG|2026-08-24T00:31:00+00:00|-1
B,M1,FVG,-1,2026-08-24T00:33:00+00:00,10317,1.16781,1.16782,,FVG_M1_10317_BEAR,M1|FVG|2026-08-24T00:33:00+00:00|-1
B,M1,FVG,1,2026-08-24T00:35:00+00:00,10319,1.16781,1.16782,,FVG_M1_10319_BULL,M1|FVG|2026-08-24T00:35:00+00:00|1
B,M1,FVG,-1,2026-08-24T00:38:00+00:00,10322,1.1678,1.16782,,FVG_M1_10322_BEAR,M1|FVG|2026-08-24T00:38:00+00:00|-1
B,M1,FVG,-1,2026-08-24T00:41:00+00:00,10325,1.16778,1.16779,,FVG_M1_10325_BEAR,M1|FVG|2026-08-24T00:41:00+00:00|-1
B,M1,FVG,-1,2026-08-24T00:42:00+00:00,10326,1.16777,1.16778,,FVG_M1_10326_BEAR,M1|FVG|2026-08-24T00:42:00+00:00|-1
B,M1,FVG,-1,2026-08-24T01:02:00+00:00,10346,1.16761,1.16778,,FVG_M1_10346_BEAR,M1|FVG|2026-08-24T01:02:00+00:00|-1
B,M1,FVG,1,2026-08-24T01:06:00+00:00,10350,1.16762,1.16765,,FVG_M1_10350_BULL,M1|FVG|2026-08-24T01:06:00+00:00|1
B,M1,FVG,1,2026-08-24T01:07:00+00:00,10351,1.16767,1.16768,,FVG_M1_10351_BULL,M1|FVG|2026-08-24T01:07:00+00:00|1
B,M1,FVG,1,2026-08-24T01:08:00+00:00,10352,1.16768,1.16772,,FVG_M1_10352_BULL,M1|FVG|2026-08-24T01:08:00+00:00|1
B,M1,FVG,1,2026-08-24T01:10:00+00:00,10354,1.16778,1.16784,,FVG_M1_10354_BULL,M1|FVG|2026-08-24T01:10:00+00:00|1
B,M1,FVG,1,2026-08-24T01:11:00+00:00,10355,1.16785,1.16787,,FVG_M1_10355_BULL,M1|FVG|2026-08-24T01:11:00+00:00|1
B,M1,FVG,-1,2026-08-24T01:16:00+00:00,10360,1.16788,1.1679,,FVG_M1_10360_BEAR,M1|FVG|2026-08-24T01:16:00+00:00|-1
B,M1,FVG,-1,2026-08-24T01:24:00+00:00,10368,1.16785,1.16787,,FVG_M1_10368_BEAR,M1|FVG|2026-08-24T01:24:00+00:00|-1
B,M1,FVG,1,2026-08-24T01:31:00+00:00,10375,1.16786,1.16788,,FVG_M1_10375_BULL,M1|FVG|2026-08-24T01:31:00+00:00|1
B,M1,FVG,-1,2026-08-24T01:37:00+00:00,10381,1.16774,1.16777,,FVG_M1_10381_BEAR,M1|FVG|2026-08-24T01:37:00+00:00|-1
B,M1,FVG,-1,2026-08-24T01:39:00+00:00,10383,1.16767,1.1677,,FVG_M1_10383_BEAR,M1|FVG|2026-08-24T01:39:00+00:00|-1
B,M1,FVG,-1,2026-08-24T01:40:00+00:00,10384,1.16762,1.16766,,FVG_M1_10384_BEAR,M1|FVG|2026-08-24T01:40:00+00:00|-1
B,M1,FVG,-1,2026-08-24T01:41:00+00:00,10385,1.16758,1.1676,,FVG_M1_10385_BEAR,M1|FVG|2026-08-24T01:41:00+00:00|-1
B,M1,FVG,1,2026-08-24T01:43:00+00:00,10387,1.16758,1.1676,,FVG_M1_10387_BULL,M1|FVG|2026-08-24T01:43:00+00:00|1
B,M1,FVG,1,2026-08-24T01:58:00+00:00,10402,1.16756,1.16757,,FVG_M1_10402_BULL,M1|FVG|2026-08-24T01:58:00+00:00|1
B,M1,FVG,1,2026-08-24T02:05:00+00:00,10409,1.1676,1.16761,,FVG_M1_10409_BULL,M1|FVG|2026-08-24T02:05:00+00:00|1
B,M1,FVG,1,2026-08-24T02:11:00+00:00,10415,1.1676,1.16761,,FVG_M1_10415_BULL,M1|FVG|2026-08-24T02:11:00+00:00|1
B,M1,FVG,1,2026-08-24T02:22:00+00:00,10426,1.16753,1.16754,,FVG_M1_10426_BULL,M1|FVG|2026-08-24T02:22:00+00:00|1
B,M1,FVG,1,2026-08-24T02:23:00+00:00,10427,1.16755,1.16758,,FVG_M1_10427_BULL,M1|FVG|2026-08-24T02:23:00+00:00|1
B,M1,FVG,-1,2026-08-24T02:43:00+00:00,10447,1.16753,1.16755,,FVG_M1_10447_BEAR,M1|FVG|2026-08-24T02:43:00+00:00|-1
B,M1,FVG,1,2026-08-24T02:46:00+00:00,10450,1.16753,1.16758,,FVG_M1_10450_BULL,M1|FVG|2026-08-24T02:46:00+00:00|1
B,M1,FVG,1,2026-08-24T02:53:00+00:00,10457,1.16777,1.16778,,FVG_M1_10457_BULL,M1|FVG|2026-08-24T02:53:00+00:00|1
B,M1,FVG,1,2026-08-24T02:54:00+00:00,10458,1.1678,1.16784,,FVG_M1_10458_BULL,M1|FVG|2026-08-24T02:54:00+00:00|1
B,M1,FVG,1,2026-08-24T02:56:00+00:00,10460,1.16788,1.16793,,FVG_M1_10460_BULL,M1|FVG|2026-08-24T02:56:00+00:00|1
B,M1,FVG,1,2026-08-24T02:59:00+00:00,10463,1.16803,1.1681,,FVG_M1_10463_BULL,M1|FVG|2026-08-24T02:59:00+00:00|1
B,M1,FVG,1,2026-08-24T03:00:00+00:00,10464,1.16812,1.16818,,FVG_M1_10464_BULL,M1|FVG|2026-08-24T03:00:00+00:00|1
B,M1,FVG,1,2026-08-24T03:02:00+00:00,10466,1.16825,1.16828,,FVG_M1_10466_BULL,M1|FVG|2026-08-24T03:02:00+00:00|1
B,M1,FVG,1,2026-08-24T03:13:00+00:00,10477,1.16846,1.16848,,FVG_M1_10477_BULL,M1|FVG|2026-08-24T03:13:00+00:00|1
B,M1,FVG,-1,2026-08-24T03:19:00+00:00,10483,1.16853,1.16854,,FVG_M1_10483_BEAR,M1|FVG|2026-08-24T03:19:00+00:00|-1
B,M1,FVG,-1,2026-08-24T03:20:00+00:00,10484,1.16848,1.16849,,FVG_M1_10484_BEAR,M1|FVG|2026-08-24T03:20:00+00:00|-1
B,M1,FVG,1,2026-08-24T03:24:00+00:00,10488,1.16841,1.16851,,FVG_M1_10488_BULL,M1|FVG|2026-08-24T03:24:00+00:00|1
B,M1,FVG,-1,2026-08-24T03:28:00+00:00,10492,1.16847,1.16857,,FVG_M1_10492_BEAR,M1|FVG|2026-08-24T03:28:00+00:00|-1
B,M1,FVG,1,2026-08-24T03:46:00+00:00,10510,1.16833,1.16835,,FVG_M1_10510_BULL,M1|FVG|2026-08-24T03:46:00+00:00|1
B,M1,FVG,-1,2026-08-24T03:48:00+00:00,10512,1.16831,1.16835,,FVG_M1_10512_BEAR,M1|FVG|2026-08-24T03:48:00+00:00|-1
B,M1,FVG,1,2026-08-24T03:51:00+00:00,10515,1.1683,1.16835,,FVG_M1_10515_BULL,M1|FVG|2026-08-24T03:51:00+00:00|1
B,M1,FVG,-1,2026-08-24T03:55:00+00:00,10519,1.16834,1.16835,,FVG_M1_10519_BEAR,M1|FVG|2026-08-24T03:55:00+00:00|-1
B,M1,FVG,1,2026-08-24T03:59:00+00:00,10523,1.16837,1.16838,,FVG_M1_10523_BULL,M1|FVG|2026-08-24T03:59:00+00:00|1
B,M1,FVG,-1,2026-08-24T04:04:00+00:00,10528,1.16843,1.16854,,FVG_M1_10528_BEAR,M1|FVG|2026-08-24T04:04:00+00:00|-1
B,M1,FVG,-1,2026-08-24T04:09:00+00:00,10533,1.16833,1.1684,,FVG_M1_10533_BEAR,M1|FVG|2026-08-24T04:09:00+00:00|-1
B,M1,FVG,-1,2026-08-24T04:13:00+00:00,10537,1.16827,1.1683,,FVG_M1_10537_BEAR,M1|FVG|2026-08-24T04:13:00+00:00|-1
B,M1,FVG,-1,2026-08-24T04:15:00+00:00,10539,1.16819,1.1682,,FVG_M1_10539_BEAR,M1|FVG|2026-08-24T04:15:00+00:00|-1
B,M1,FVG,-1,2026-08-24T04:16:00+00:00,10540,1.16812,1.16817,,FVG_M1_10540_BEAR,M1|FVG|2026-08-24T04:16:00+00:00|-1
B,M1,FVG,-1,2026-08-24T04:17:00+00:00,10541,1.16804,1.16808,,FVG_M1_10541_BEAR,M1|FVG|2026-08-24T04:17:00+00:00|-1
B,M1,FVG,-1,2026-08-24T04:18:00+00:00,10542,1.168,1.16801,,FVG_M1_10542_BEAR,M1|FVG|2026-08-24T04:18:00+00:00|-1
B,M1,FVG,-1,2026-08-24T04:28:00+00:00,10552,1.16784,1.16793,,FVG_M1_10552_BEAR,M1|FVG|2026-08-24T04:28:00+00:00|-1
B,M1,FVG,1,2026-08-24T04:44:00+00:00,10568,1.16777,1.1678,,FVG_M1_10568_BULL,M1|FVG|2026-08-24T04:44:00+00:00|1
B,M1,FVG,1,2026-08-24T04:45:00+00:00,10569,1.16781,1.16782,,FVG_M1_10569_BULL,M1|FVG|2026-08-24T04:45:00+00:00|1
B,M1,FVG,1,2026-08-24T04:50:00+00:00,10574,1.16793,1.168,,FVG_M1_10574_BULL,M1|FVG|2026-08-24T04:50:00+00:00|1
B,M1,FVG,1,2026-08-24T04:51:00+00:00,10575,1.16802,1.16806,,FVG_M1_10575_BULL,M1|FVG|2026-08-24T04:51:00+00:00|1
B,M1,FVG,1,2026-08-24T04:52:00+00:00,10576,1.16806,1.16807,,FVG_M1_10576_BULL,M1|FVG|2026-08-24T04:52:00+00:00|1
B,M1,FVG,1,2026-08-24T05:04:00+00:00,10588,1.16821,1.16822,,FVG_M1_10588_BULL,M1|FVG|2026-08-24T05:04:00+00:00|1
B,M1,FVG,-1,2026-08-24T05:06:00+00:00,10590,1.1682,1.16822,,FVG_M1_10590_BEAR,M1|FVG|2026-08-24T05:06:00+00:00|-1
B,M1,FVG,-1,2026-08-24T05:07:00+00:00,10591,1.16816,1.1682,,FVG_M1_10591_BEAR,M1|FVG|2026-08-24T05:07:00+00:00|-1
B,M1,FVG,1,2026-08-24T05:09:00+00:00,10593,1.16816,1.16821,,FVG_M1_10593_BULL,M1|FVG|2026-08-24T05:09:00+00:00|1
B,M1,FVG,1,2026-08-24T05:15:00+00:00,10599,1.16828,1.1683,,FVG_M1_10599_BULL,M1|FVG|2026-08-24T05:15:00+00:00|1
B,M1,FVG,1,2026-08-24T05:16:00+00:00,10600,1.16833,1.16838,,FVG_M1_10600_BULL,M1|FVG|2026-08-24T05:16:00+00:00|1
B,M1,FVG,-1,2026-08-24T05:28:00+00:00,10612,1.16831,1.16836,,FVG_M1_10612_BEAR,M1|FVG|2026-08-24T05:28:00+00:00|-1
B,M1,FVG,-1,2026-08-24T05:29:00+00:00,10613,1.16828,1.16829,,FVG_M1_10613_BEAR,M1|FVG|2026-08-24T05:29:00+00:00|-1
B,M1,FVG,-1,2026-08-24T05:34:00+00:00,10618,1.16812,1.16813,,FVG_M1_10618_BEAR,M1|FVG|2026-08-24T05:34:00+00:00|-1
B,M1,FVG,-1,2026-08-24T05:41:00+00:00,10625,1.16806,1.16807,,FVG_M1_10625_BEAR,M1|FVG|2026-08-24T05:41:00+00:00|-1
B,M1,FVG,-1,2026-08-24T05:50:00+00:00,10634,1.16802,1.16804,,FVG_M1_10634_BEAR,M1|FVG|2026-08-24T05:50:00+00:00|-1
B,M1,FVG,1,2026-08-24T05:54:00+00:00,10638,1.168,1.16801,,FVG_M1_10638_BULL,M1|FVG|2026-08-24T05:54:00+00:00|1
B,M1,FVG,1,2026-08-24T05:56:00+00:00,10640,1.16806,1.16814,,FVG_M1_10640_BULL,M1|FVG|2026-08-24T05:56:00+00:00|1
B,M1,FVG,1,2026-08-24T05:57:00+00:00,10641,1.16817,1.16821,,FVG_M1_10641_BULL,M1|FVG|2026-08-24T05:57:00+00:00|1
B,M1,FVG,-1,2026-08-24T06:03:00+00:00,10647,1.16815,1.16816,,FVG_M1_10647_BEAR,M1|FVG|2026-08-24T06:03:00+00:00|-1
B,M1,FVG,-1,2026-08-24T06:13:00+00:00,10657,1.16804,1.16808,,FVG_M1_10657_BEAR,M1|FVG|2026-08-24T06:13:00+00:00|-1
B,M1,FVG,1,2026-08-24T06:15:00+00:00,10659,1.16804,1.16808,,FVG_M1_10659_BULL,M1|FVG|2026-08-24T06:15:00+00:00|1
B,M1,FVG,-1,2026-08-24T06:18:00+00:00,10662,1.16808,1.1681,,FVG_M1_10662_BEAR,M1|FVG|2026-08-24T06:18:00+00:00|-1
B,M1,FVG,-1,2026-08-24T06:22:00+00:00,10666,1.16807,1.16808,,FVG_M1_10666_BEAR,M1|FVG|2026-08-24T06:22:00+00:00|-1
B,M1,FVG,1,2026-08-24T06:24:00+00:00,10668,1.16807,1.16813,,FVG_M1_10668_BULL,M1|FVG|2026-08-24T06:24:00+00:00|1
B,M1,FVG,-1,2026-08-24T06:29:00+00:00,10673,1.16814,1.16815,,FVG_M1_10673_BEAR,M1|FVG|2026-08-24T06:29:00+00:00|-1
B,M1,FVG,-1,2026-08-24T06:34:00+00:00,10678,1.16809,1.1681,,FVG_M1_10678_BEAR,M1|FVG|2026-08-24T06:34:00+00:00|-1
B,M1,FVG,-1,2026-08-24T06:44:00+00:00,10688,1.168,1.16806,,FVG_M1_10688_BEAR,M1|FVG|2026-08-24T06:44:00+00:00|-1
B,M1,FVG,-1,2026-08-24T06:45:00+00:00,10689,1.16798,1.16799,,FVG_M1_10689_BEAR,M1|FVG|2026-08-24T06:45:00+00:00|-1
B,M1,FVG,-1,2026-08-24T06:50:00+00:00,10694,1.16793,1.16796,,FVG_M1_10694_BEAR,M1|FVG|2026-08-24T06:50:00+00:00|-1
B,M1,FVG,-1,2026-08-24T06:51:00+00:00,10695,1.16785,1.16789,,FVG_M1_10695_BEAR,M1|FVG|2026-08-24T06:51:00+00:00|-1
B,M1,FVG,1,2026-08-24T06:53:00+00:00,10697,1.16785,1.16787,,FVG_M1_10697_BULL,M1|FVG|2026-08-24T06:53:00+00:00|1
B,M1,FVG,1,2026-08-24T06:54:00+00:00,10698,1.16788,1.16791,,FVG_M1_10698_BULL,M1|FVG|2026-08-24T06:54:00+00:00|1
B,M1,FVG,1,2026-08-24T06:55:00+00:00,10699,1.16793,1.16794,,FVG_M1_10699_BULL,M1|FVG|2026-08-24T06:55:00+00:00|1
B,M1,FVG,-1,2026-08-24T07:06:00+00:00,10710,1.1678,1.16791,,FVG_M1_10710_BEAR,M1|FVG|2026-08-24T07:06:00+00:00|-1
B,M1,FVG,-1,2026-08-24T07:07:00+00:00,10711,1.16775,1.16779,,FVG_M1_10711_BEAR,M1|FVG|2026-08-24T07:07:00+00:00|-1
B,M1,FVG,-1,2026-08-24T07:15:00+00:00,10719,1.16777,1.16778,,FVG_M1_10719_BEAR,M1|FVG|2026-08-24T07:15:00+00:00|-1
B,M1,FVG,1,2026-08-24T07:19:00+00:00,10723,1.16774,1.16777,,FVG_M1_10723_BULL,M1|FVG|2026-08-24T07:19:00+00:00|1
B,M1,FVG,1,2026-08-24T07:25:00+00:00,10729,1.16784,1.16785,,FVG_M1_10729_BULL,M1|FVG|2026-08-24T07:25:00+00:00|1
B,M1,FVG,1,2026-08-24T07:29:00+00:00,10733,1.16794,1.16796,,FVG_M1_10733_BULL,M1|FVG|2026-08-24T07:29:00+00:00|1
B,M1,FVG,1,2026-08-24T07:30:00+00:00,10734,1.168,1.16804,,FVG_M1_10734_BULL,M1|FVG|2026-08-24T07:30:00+00:00|1
B,M1,FVG,1,2026-08-24T07:42:00+00:00,10746,1.16805,1.16806,,FVG_M1_10746_BULL,M1|FVG|2026-08-24T07:42:00+00:00|1
B,M1,FVG,-1,2026-08-24T07:50:00+00:00,10754,1.16804,1.16806,,FVG_M1_10754_BEAR,M1|FVG|2026-08-24T07:50:00+00:00|-1
B,M1,FVG,1,2026-08-24T07:54:00+00:00,10758,1.16807,1.16808,,FVG_M1_10758_BULL,M1|FVG|2026-08-24T07:54:00+00:00|1
B,M1,FVG,1,2026-08-24T07:55:00+00:00,10759,1.16808,1.16814,,FVG_M1_10759_BULL,M1|FVG|2026-08-24T07:55:00+00:00|1
B,M1,FVG,-1,2026-08-24T08:04:00+00:00,10768,1.16814,1.16815,,FVG_M1_10768_BEAR,M1|FVG|2026-08-24T08:04:00+00:00|-1
B,M1,FVG,1,2026-08-24T08:17:00+00:00,10781,1.16805,1.1681,,FVG_M1_10781_BULL,M1|FVG|2026-08-24T08:17:00+00:00|1
B,M1,FVG,-1,2026-08-24T08:21:00+00:00,10785,1.16808,1.1681,,FVG_M1_10785_BEAR,M1|FVG|2026-08-24T08:21:00+00:00|-1
B,M1,FVG,-1,2026-08-24T08:23:00+00:00,10787,1.16795,1.16802,,FVG_M1_10787_BEAR,M1|FVG|2026-08-24T08:23:00+00:00|-1
B,M1,FVG,1,2026-08-24T08:29:00+00:00,10793,1.16794,1.16797,,FVG_M1_10793_BULL,M1|FVG|2026-08-24T08:29:00+00:00|1
B,M1,FVG,-1,2026-08-24T08:31:00+00:00,10795,1.16791,1.16797,,FVG_M1_10795_BEAR,M1|FVG|2026-08-24T08:31:00+00:00|-1
B,M1,FVG,1,2026-08-24T08:37:00+00:00,10801,1.16788,1.16789,,FVG_M1_10801_BULL,M1|FVG|2026-08-24T08:37:00+00:00|1
B,M1,FVG,-1,2026-08-24T08:39:00+00:00,10803,1.16783,1.16789,,FVG_M1_10803_BEAR,M1|FVG|2026-08-24T08:39:00+00:00|-1
B,M1,FVG,-1,2026-08-24T08:40:00+00:00,10804,1.16781,1.16782,,FVG_M1_10804_BEAR,M1|FVG|2026-08-24T08:40:00+00:00|-1
B,M1,FVG,-1,2026-08-24T08:43:00+00:00,10807,1.16774,1.16775,,FVG_M1_10807_BEAR,M1|FVG|2026-08-24T08:43:00+00:00|-1
B,M1,FVG,-1,2026-08-24T08:44:00+00:00,10808,1.16768,1.16772,,FVG_M1_10808_BEAR,M1|FVG|2026-08-24T08:44:00+00:00|-1
B,M1,FVG,1,2026-08-24T08:53:00+00:00,10817,1.16775,1.16778,,FVG_M1_10817_BULL,M1|FVG|2026-08-24T08:53:00+00:00|1
B,M1,FVG,1,2026-08-24T08:57:00+00:00,10821,1.16787,1.16792,,FVG_M1_10821_BULL,M1|FVG|2026-08-24T08:57:00+00:00|1
B,M1,FVG,1,2026-08-24T08:59:00+00:00,10823,1.16795,1.16804,,FVG_M1_10823_BULL,M1|FVG|2026-08-24T08:59:00+00:00|1
B,M1,FVG,-1,2026-08-24T09:02:00+00:00,10826,1.16804,1.16805,,FVG_M1_10826_BEAR,M1|FVG|2026-08-24T09:02:00+00:00|-1
B,M1,FVG,-1,2026-08-24T09:13:00+00:00,10837,1.16779,1.16787,,FVG_M1_10837_BEAR,M1|FVG|2026-08-24T09:13:00+00:00|-1
B,M1,FVG,-1,2026-08-24T09:22:00+00:00,10846,1.1677,1.16776,,FVG_M1_10846_BEAR,M1|FVG|2026-08-24T09:22:00+00:00|-1
B,M1,FVG,-1,2026-08-24T09:23:00+00:00,10847,1.16758,1.16763,,FVG_M1_10847_BEAR,M1|FVG|2026-08-24T09:23:00+00:00|-1
B,M1,FVG,1,2026-08-24T09:34:00+00:00,10858,1.16759,1.16767,,FVG_M1_10858_BULL,M1|FVG|2026-08-24T09:34:00+00:00|1
B,M1,FVG,1,2026-08-24T09:35:00+00:00,10859,1.16769,1.1677,,FVG_M1_10859_BULL,M1|FVG|2026-08-24T09:35:00+00:00|1
B,M1,FVG,1,2026-08-24T09:37:00+00:00,10861,1.16776,1.16778,,FVG_M1_10861_BULL,M1|FVG|2026-08-24T09:37:00+00:00|1
B,M1,FVG,-1,2026-08-24T09:47:00+00:00,10871,1.1677,1.16771,,FVG_M1_10871_BEAR,M1|FVG|2026-08-24T09:47:00+00:00|-1
B,M1,FVG,1,2026-08-24T09:50:00+00:00,10874,1.16767,1.16773,,FVG_M1_10874_BULL,M1|FVG|2026-08-24T09:50:00+00:00|1
B,M1,FVG,1,2026-08-24T09:51:00+00:00,10875,1.16775,1.16778,,FVG_M1_10875_BULL,M1|FVG|2026-08-24T09:51:00+00:00|1
B,M1,FVG,1,2026-08-24T09:52:00+00:00,10876,1.16783,1.16788,,FVG_M1_10876_BULL,M1|FVG|2026-08-24T09:52:00+00:00|1
B,M1,FVG,-1,2026-08-24T09:56:00+00:00,10880,1.16787,1.16792,,FVG_M1_10880_BEAR,M1|FVG|2026-08-24T09:56:00+00:00|-1
B,M1,FVG,1,2026-08-24T10:02:00+00:00,10886,1.1678,1.16787,,FVG_M1_10886_BULL,M1|FVG|2026-08-24T10:02:00+00:00|1
B,M1,FVG,-1,2026-08-24T10:05:00+00:00,10889,1.16784,1.16787,,FVG_M1_10889_BEAR,M1|FVG|2026-08-24T10:05:00+00:00|-1
B,M1,FVG,-1,2026-08-24T10:06:00+00:00,10890,1.16777,1.16781,,FVG_M1_10890_BEAR,M1|FVG|2026-08-24T10:06:00+00:00|-1
B,M1,FVG,-1,2026-08-24T10:07:00+00:00,10891,1.16768,1.16776,,FVG_M1_10891_BEAR,M1|FVG|2026-08-24T10:07:00+00:00|-1
B,M1,FVG,-1,2026-08-24T10:08:00+00:00,10892,1.16761,1.16762,,FVG_M1_10892_BEAR,M1|FVG|2026-08-24T10:08:00+00:00|-1
B,M1,FVG,-1,2026-08-24T10:13:00+00:00,10897,1.16751,1.16755,,FVG_M1_10897_BEAR,M1|FVG|2026-08-24T10:13:00+00:00|-1
B,M1,FVG,-1,2026-08-24T10:15:00+00:00,10899,1.1674,1.16742,,FVG_M1_10899_BEAR,M1|FVG|2026-08-24T10:15:00+00:00|-1
B,M1,FVG,-1,2026-08-24T10:17:00+00:00,10901,1.1672,1.16728,,FVG_M1_10901_BEAR,M1|FVG|2026-08-24T10:17:00+00:00|-1
B,M1,FVG,1,2026-08-24T10:21:00+00:00,10905,1.1672,1.16723,,FVG_M1_10905_BULL,M1|FVG|2026-08-24T10:21:00+00:00|1
B,M1,FVG,1,2026-08-24T10:22:00+00:00,10906,1.16724,1.16731,,FVG_M1_10906_BULL,M1|FVG|2026-08-24T10:22:00+00:00|1
B,M1,FVG,1,2026-08-24T10:24:00+00:00,10908,1.16741,1.16742,,FVG_M1_10908_BULL,M1|FVG|2026-08-24T10:24:00+00:00|1
B,M1,FVG,-1,2026-08-24T10:28:00+00:00,10912,1.16732,1.1674,,FVG_M1_10912_BEAR,M1|FVG|2026-08-24T10:28:00+00:00|-1
B,M1,FVG,1,2026-08-24T10:30:00+00:00,10914,1.16732,1.16735,,FVG_M1_10914_BULL,M1|FVG|2026-08-24T10:30:00+00:00|1
B,M1,FVG,1,2026-08-24T10:31:00+00:00,10915,1.1674,1.16743,,FVG_M1_10915_BULL,M1|FVG|2026-08-24T10:31:00+00:00|1
B,M1,FVG,-1,2026-08-24T10:41:00+00:00,10925,1.16734,1.16744,,FVG_M1_10925_BEAR,M1|FVG|2026-08-24T10:41:00+00:00|-1
B,M1,FVG,-1,2026-08-24T10:42:00+00:00,10926,1.16728,1.16732,,FVG_M1_10926_BEAR,M1|FVG|2026-08-24T10:42:00+00:00|-1
B,M1,FVG,-1,2026-08-24T10:43:00+00:00,10927,1.16713,1.16722,,FVG_M1_10927_BEAR,M1|FVG|2026-08-24T10:43:00+00:00|-1
B,M1,FVG,-1,2026-08-24T10:44:00+00:00,10928,1.167,1.16707,,FVG_M1_10928_BEAR,M1|FVG|2026-08-24T10:44:00+00:00|-1
B,M1,FVG,-1,2026-08-24T10:45:00+00:00,10929,1.16673,1.16694,,FVG_M1_10929_BEAR,M1|FVG|2026-08-24T10:45:00+00:00|-1
B,M1,FVG,-1,2026-08-24T10:50:00+00:00,10934,1.16665,1.16666,,FVG_M1_10934_BEAR,M1|FVG|2026-08-24T10:50:00+00:00|-1
B,M1,FVG,1,2026-08-24T10:56:00+00:00,10940,1.16673,1.16676,,FVG_M1_10940_BULL,M1|FVG|2026-08-24T10:56:00+00:00|1
B,M1,FVG,-1,2026-08-24T11:13:00+00:00,10957,1.16643,1.16645,,FVG_M1_10957_BEAR,M1|FVG|2026-08-24T11:13:00+00:00|-1
B,M1,FVG,-1,2026-08-24T11:18:00+00:00,10962,1.16629,1.16632,,FVG_M1_10962_BEAR,M1|FVG|2026-08-24T11:18:00+00:00|-1
B,M1,FVG,1,2026-08-24T11:21:00+00:00,10965,1.16629,1.1664,,FVG_M1_10965_BULL,M1|FVG|2026-08-24T11:21:00+00:00|1
B,M1,FVG,-1,2026-08-24T11:26:00+00:00,10970,1.16634,1.16636,,FVG_M1_10970_BEAR,M1|FVG|2026-08-24T11:26:00+00:00|-1
B,M1,FVG,-1,2026-08-24T11:27:00+00:00,10971,1.16615,1.1663,,FVG_M1_10971_BEAR,M1|FVG|2026-08-24T11:27:00+00:00|-1
B,M1,FVG,1,2026-08-24T11:29:00+00:00,10973,1.16615,1.1662,,FVG_M1_10973_BULL,M1|FVG|2026-08-24T11:29:00+00:00|1
B,M1,FVG,1,2026-08-24T11:36:00+00:00,10980,1.16621,1.16622,,FVG_M1_10980_BULL,M1|FVG|2026-08-24T11:36:00+00:00|1
B,M1,FVG,1,2026-08-24T11:41:00+00:00,10985,1.16635,1.16642,,FVG_M1_10985_BULL,M1|FVG|2026-08-24T11:41:00+00:00|1
B,M1,FVG,1,2026-08-24T11:44:00+00:00,10988,1.16648,1.16657,,FVG_M1_10988_BULL,M1|FVG|2026-08-24T11:44:00+00:00|1
B,M1,FVG,-1,2026-08-24T11:47:00+00:00,10991,1.16652,1.16655,,FVG_M1_10991_BEAR,M1|FVG|2026-08-24T11:47:00+00:00|-1
B,M1,FVG,1,2026-08-24T11:49:00+00:00,10993,1.16652,1.16657,,FVG_M1_10993_BULL,M1|FVG|2026-08-24T11:49:00+00:00|1
B,M1,FVG,1,2026-08-24T11:50:00+00:00,10994,1.16659,1.16661,,FVG_M1_10994_BULL,M1|FVG|2026-08-24T11:50:00+00:00|1
B,M1,FVG,-1,2026-08-24T11:58:00+00:00,11002,1.1665,1.16658,,FVG_M1_11002_BEAR,M1|FVG|2026-08-24T11:58:00+00:00|-1
B,M1,FVG,1,2026-08-24T12:03:00+00:00,11007,1.16642,1.16649,,FVG_M1_11007_BULL,M1|FVG|2026-08-24T12:03:00+00:00|1
B,M1,FVG,-1,2026-08-24T12:12:00+00:00,11016,1.16628,1.16634,,FVG_M1_11016_BEAR,M1|FVG|2026-08-24T12:12:00+00:00|-1
B,M1,FVG,-1,2026-08-24T12:19:00+00:00,11023,1.16621,1.16626,,FVG_M1_11023_BEAR,M1|FVG|2026-08-24T12:19:00+00:00|-1
B,M1,FVG,1,2026-08-24T12:23:00+00:00,11027,1.16623,1.16629,,FVG_M1_11027_BULL,M1|FVG|2026-08-24T12:23:00+00:00|1
B,M1,FVG,-1,2026-08-24T12:25:00+00:00,11029,1.16628,1.16629,,FVG_M1_11029_BEAR,M1|FVG|2026-08-24T12:25:00+00:00|-1
B,M1,FVG,1,2026-08-24T12:31:00+00:00,11035,1.16629,1.1663,,FVG_M1_11035_BULL,M1|FVG|2026-08-24T12:31:00+00:00|1
B,M1,FVG,1,2026-08-24T12:32:00+00:00,11036,1.16632,1.16638,,FVG_M1_11036_BULL,M1|FVG|2026-08-24T12:32:00+00:00|1
B,M1,FVG,-1,2026-08-24T12:34:00+00:00,11038,1.16634,1.16638,,FVG_M1_11038_BEAR,M1|FVG|2026-08-24T12:34:00+00:00|-1
B,M1,FVG,-1,2026-08-24T12:35:00+00:00,11039,1.16624,1.16633,,FVG_M1_11039_BEAR,M1|FVG|2026-08-24T12:35:00+00:00|-1
B,M1,FVG,-1,2026-08-24T12:36:00+00:00,11040,1.16618,1.1662,,FVG_M1_11040_BEAR,M1|FVG|2026-08-24T12:36:00+00:00|-1
B,M1,FVG,1,2026-08-24T12:40:00+00:00,11044,1.16616,1.1662,,FVG_M1_11044_BULL,M1|FVG|2026-08-24T12:40:00+00:00|1
B,M1,FVG,1,2026-08-24T12:45:00+00:00,11049,1.16621,1.16622,,FVG_M1_11049_BULL,M1|FVG|2026-08-24T12:45:00+00:00|1
B,M1,FVG,1,2026-08-24T12:46:00+00:00,11050,1.16623,1.16625,,FVG_M1_11050_BULL,M1|FVG|2026-08-24T12:46:00+00:00|1
B,M1,FVG,-1,2026-08-24T12:58:00+00:00,11062,1.16643,1.16647,,FVG_M1_11062_BEAR,M1|FVG|2026-08-24T12:58:00+00:00|-1
B,M1,FVG,-1,2026-08-24T12:59:00+00:00,11063,1.16638,1.1664,,FVG_M1_11063_BEAR,M1|FVG|2026-08-24T12:59:00+00:00|-1
B,M1,FVG,1,2026-08-24T13:01:00+00:00,11065,1.16638,1.16639,,FVG_M1_11065_BULL,M1|FVG|2026-08-24T13:01:00+00:00|1
B,M1,FVG,1,2026-08-24T13:02:00+00:00,11066,1.16645,1.16646,,FVG_M1_11066_BULL,M1|FVG|2026-08-24T13:02:00+00:00|1
B,M1,FVG,1,2026-08-24T13:11:00+00:00,11075,1.16648,1.16651,,FVG_M1_11075_BULL,M1|FVG|2026-08-24T13:11:00+00:00|1
B,M1,FVG,-1,2026-08-24T13:17:00+00:00,11081,1.16653,1.16654,,FVG_M1_11081_BEAR,M1|FVG|2026-08-24T13:17:00+00:00|-1
B,M1,FVG,1,2026-08-24T13:20:00+00:00,11084,1.16652,1.16659,,FVG_M1_11084_BULL,M1|FVG|2026-08-24T13:20:00+00:00|1
B,M1,FVG,-1,2026-08-24T13:32:00+00:00,11096,1.16655,1.16656,,FVG_M1_11096_BEAR,M1|FVG|2026-08-24T13:32:00+00:00|-1
B,M1,FVG,-1,2026-08-24T13:42:00+00:00,11106,1.16641,1.16642,,FVG_M1_11106_BEAR,M1|FVG|2026-08-24T13:42:00+00:00|-1
B,M1,FVG,-1,2026-08-24T13:43:00+00:00,11107,1.16635,1.1664,,FVG_M1_11107_BEAR,M1|FVG|2026-08-24T13:43:00+00:00|-1
B,M1,FVG,-1,2026-08-24T13:48:00+00:00,11112,1.16628,1.16631,,FVG_M1_11112_BEAR,M1|FVG|2026-08-24T13:48:00+00:00|-1
B,M1,FVG,-1,2026-08-24T13:49:00+00:00,11113,1.16626,1.16627,,FVG_M1_11113_BEAR,M1|FVG|2026-08-24T13:49:00+00:00|-1
B,M1,FVG,1,2026-08-24T13:51:00+00:00,11115,1.16626,1.16633,,FVG_M1_11115_BULL,M1|FVG|2026-08-24T13:51:00+00:00|1
B,M1,FVG,1,2026-08-24T13:54:00+00:00,11118,1.16643,1.16647,,FVG_M1_11118_BULL,M1|FVG|2026-08-24T13:54:00+00:00|1
B,M1,FVG,1,2026-08-24T13:56:00+00:00,11120,1.16653,1.16654,,FVG_M1_11120_BULL,M1|FVG|2026-08-24T13:56:00+00:00|1
B,M1,FVG,1,2026-08-24T14:09:00+00:00,11133,1.16649,1.16651,,FVG_M1_11133_BULL,M1|FVG|2026-08-24T14:09:00+00:00|1
B,M1,FVG,-1,2026-08-24T14:12:00+00:00,11136,1.16644,1.16645,,FVG_M1_11136_BEAR,M1|FVG|2026-08-24T14:12:00+00:00|-1
B,M1,FVG,1,2026-08-24T14:14:00+00:00,11138,1.16644,1.16649,,FVG_M1_11138_BULL,M1|FVG|2026-08-24T14:14:00+00:00|1
B,M1,FVG,-1,2026-08-24T14:16:00+00:00,11140,1.16642,1.16649,,FVG_M1_11140_BEAR,M1|FVG|2026-08-24T14:16:00+00:00|-1
B,M1,FVG,1,2026-08-24T14:19:00+00:00,11143,1.16641,1.16642,,FVG_M1_11143_BULL,M1|FVG|2026-08-24T14:19:00+00:00|1
B,M1,FVG,1,2026-08-24T14:26:00+00:00,11150,1.16657,1.16668,,FVG_M1_11150_BULL,M1|FVG|2026-08-24T14:26:00+00:00|1
B,M1,FVG,1,2026-08-24T14:27:00+00:00,11151,1.16673,1.16676,,FVG_M1_11151_BULL,M1|FVG|2026-08-24T14:27:00+00:00|1
B,M1,FVG,1,2026-08-24T14:36:00+00:00,11160,1.1667,1.16671,,FVG_M1_11160_BULL,M1|FVG|2026-08-24T14:36:00+00:00|1
B,M1,FVG,1,2026-08-24T14:38:00+00:00,11162,1.16694,1.16697,,FVG_M1_11162_BULL,M1|FVG|2026-08-24T14:38:00+00:00|1
B,M1,FVG,-1,2026-08-24T14:41:00+00:00,11165,1.16691,1.167,,FVG_M1_11165_BEAR,M1|FVG|2026-08-24T14:41:00+00:00|-1
B,M1,FVG,-1,2026-08-24T14:45:00+00:00,11169,1.16664,1.16668,,FVG_M1_11169_BEAR,M1|FVG|2026-08-24T14:45:00+00:00|-1
B,M1,FVG,1,2026-08-24T14:49:00+00:00,11173,1.16667,1.16671,,FVG_M1_11173_BULL,M1|FVG|2026-08-24T14:49:00+00:00|1
B,M1,FVG,-1,2026-08-24T14:53:00+00:00,11177,1.16659,1.16668,,FVG_M1_11177_BEAR,M1|FVG|2026-08-24T14:53:00+00:00|-1
B,M1,FVG,1,2026-08-24T14:55:00+00:00,11179,1.16659,1.16663,,FVG_M1_11179_BULL,M1|FVG|2026-08-24T14:55:00+00:00|1
B,M1,FVG,1,2026-08-24T14:56:00+00:00,11180,1.16664,1.16668,,FVG_M1_11180_BULL,M1|FVG|2026-08-24T14:56:00+00:00|1
B,M1,FVG,-1,2026-08-24T14:59:00+00:00,11183,1.16668,1.16672,,FVG_M1_11183_BEAR,M1|FVG|2026-08-24T14:59:00+00:00|-1
B,M1,FVG,-1,2026-08-24T15:07:00+00:00,11191,1.16646,1.16657,,FVG_M1_11191_BEAR,M1|FVG|2026-08-24T15:07:00+00:00|-1
B,M1,FVG,1,2026-08-24T15:13:00+00:00,11197,1.16643,1.16653,,FVG_M1_11197_BULL,M1|FVG|2026-08-24T15:13:00+00:00|1
B,M1,FVG,1,2026-08-24T15:18:00+00:00,11202,1.16651,1.16667,,FVG_M1_11202_BULL,M1|FVG|2026-08-24T15:18:00+00:00|1
B,M1,FVG,1,2026-08-24T15:23:00+00:00,11207,1.1669,1.16691,,FVG_M1_11207_BULL,M1|FVG|2026-08-24T15:23:00+00:00|1
B,M1,FVG,1,2026-08-24T15:24:00+00:00,11208,1.16697,1.16704,,FVG_M1_11208_BULL,M1|FVG|2026-08-24T15:24:00+00:00|1
B,M1,FVG,1,2026-08-24T15:29:00+00:00,11213,1.16709,1.16713,,FVG_M1_11213_BULL,M1|FVG|2026-08-24T15:29:00+00:00|1
B,M1,FVG,1,2026-08-24T15:30:00+00:00,11214,1.16719,1.1672,,FVG_M1_11214_BULL,M1|FVG|2026-08-24T15:30:00+00:00|1
B,M1,FVG,-1,2026-08-24T15:32:00+00:00,11216,1.16718,1.1672,,FVG_M1_11216_BEAR,M1|FVG|2026-08-24T15:32:00+00:00|-1
B,M1,FVG,-1,2026-08-24T15:33:00+00:00,11217,1.16712,1.16715,,FVG_M1_11217_BEAR,M1|FVG|2026-08-24T15:33:00+00:00|-1
B,M1,FVG,-1,2026-08-24T15:34:00+00:00,11218,1.16699,1.167,,FVG_M1_11218_BEAR,M1|FVG|2026-08-24T15:34:00+00:00|-1
B,M1,FVG,1,2026-08-24T15:37:00+00:00,11221,1.16698,1.16705,,FVG_M1_11221_BULL,M1|FVG|2026-08-24T15:37:00+00:00|1
B,M1,FVG,-1,2026-08-24T15:45:00+00:00,11229,1.16686,1.16697,,FVG_M1_11229_BEAR,M1|FVG|2026-08-24T15:45:00+00:00|-1
B,M1,FVG,1,2026-08-24T15:50:00+00:00,11234,1.16679,1.16686,,FVG_M1_11234_BULL,M1|FVG|2026-08-24T15:50:00+00:00|1
B,M1,FVG,1,2026-08-24T15:53:00+00:00,11237,1.16698,1.16703,,FVG_M1_11237_BULL,M1|FVG|2026-08-24T15:53:00+00:00|1
B,M1,FVG,1,2026-08-24T16:02:00+00:00,11246,1.16694,1.16698,,FVG_M1_11246_BULL,M1|FVG|2026-08-24T16:02:00+00:00|1
B,M1,FVG,-1,2026-08-24T16:08:00+00:00,11252,1.16695,1.16697,,FVG_M1_11252_BEAR,M1|FVG|2026-08-24T16:08:00+00:00|-1
B,M1,FVG,1,2026-08-24T16:10:00+00:00,11254,1.16695,1.167,,FVG_M1_11254_BULL,M1|FVG|2026-08-24T16:10:00+00:00|1
B,M1,FVG,1,2026-08-24T16:11:00+00:00,11255,1.16702,1.16706,,FVG_M1_11255_BULL,M1|FVG|2026-08-24T16:11:00+00:00|1
B,M1,FVG,1,2026-08-24T16:12:00+00:00,11256,1.16707,1.1671,,FVG_M1_11256_BULL,M1|FVG|2026-08-24T16:12:00+00:00|1
B,M1,FVG,1,2026-08-24T16:16:00+00:00,11260,1.16719,1.16726,,FVG_M1_11260_BULL,M1|FVG|2026-08-24T16:16:00+00:00|1
B,M1,FVG,-1,2026-08-24T16:25:00+00:00,11269,1.16732,1.16738,,FVG_M1_11269_BEAR,M1|FVG|2026-08-24T16:25:00+00:00|-1
B,M1,FVG,-1,2026-08-24T16:27:00+00:00,11271,1.16718,1.16722,,FVG_M1_11271_BEAR,M1|FVG|2026-08-24T16:27:00+00:00|-1
B,M1,FVG,-1,2026-08-24T16:38:00+00:00,11282,1.16701,1.16703,,FVG_M1_11282_BEAR,M1|FVG|2026-08-24T16:38:00+00:00|-1
B,M1,FVG,-1,2026-08-24T16:43:00+00:00,11287,1.16689,1.16695,,FVG_M1_11287_BEAR,M1|FVG|2026-08-24T16:43:00+00:00|-1
B,M1,FVG,-1,2026-08-24T16:46:00+00:00,11290,1.16672,1.16676,,FVG_M1_11290_BEAR,M1|FVG|2026-08-24T16:46:00+00:00|-1
B,M1,FVG,1,2026-08-24T16:48:00+00:00,11292,1.16672,1.16679,,FVG_M1_11292_BULL,M1|FVG|2026-08-24T16:48:00+00:00|1
B,M1,FVG,-1,2026-08-24T16:54:00+00:00,11298,1.16679,1.16683,,FVG_M1_11298_BEAR,M1|FVG|2026-08-24T16:54:00+00:00|-1
B,M1,FVG,-1,2026-08-24T16:57:00+00:00,11301,1.16654,1.16667,,FVG_M1_11301_BEAR,M1|FVG|2026-08-24T16:57:00+00:00|-1
B,M1,FVG,1,2026-08-24T17:15:00+00:00,11319,1.16648,1.16673,,FVG_M1_11319_BULL,M1|FVG|2026-08-24T17:15:00+00:00|1
B,M1,FVG,-1,2026-08-24T17:18:00+00:00,11322,1.16657,1.16668,,FVG_M1_11322_BEAR,M1|FVG|2026-08-24T17:18:00+00:00|-1
B,M1,FVG,1,2026-08-24T17:20:00+00:00,11324,1.16657,1.16661,,FVG_M1_11324_BULL,M1|FVG|2026-08-24T17:20:00+00:00|1
B,M1,FVG,1,2026-08-24T17:21:00+00:00,11325,1.16666,1.1667,,FVG_M1_11325_BULL,M1|FVG|2026-08-24T17:21:00+00:00|1
B,M1,FVG,1,2026-08-24T17:25:00+00:00,11329,1.16679,1.16684,,FVG_M1_11329_BULL,M1|FVG|2026-08-24T17:25:00+00:00|1
B,M1,FVG,-1,2026-08-24T17:32:00+00:00,11336,1.16706,1.16707,,FVG_M1_11336_BEAR,M1|FVG|2026-08-24T17:32:00+00:00|-1
B,M1,FVG,-1,2026-08-24T17:39:00+00:00,11343,1.16701,1.16702,,FVG_M1_11343_BEAR,M1|FVG|2026-08-24T17:39:00+00:00|-1
B,M1,FVG,-1,2026-08-24T17:40:00+00:00,11344,1.1669,1.16701,,FVG_M1_11344_BEAR,M1|FVG|2026-08-24T17:40:00+00:00|-1
B,M1,FVG,-1,2026-08-24T17:42:00+00:00,11346,1.16674,1.16681,,FVG_M1_11346_BEAR,M1|FVG|2026-08-24T17:42:00+00:00|-1
B,M1,FVG,-1,2026-08-24T17:43:00+00:00,11347,1.16663,1.16673,,FVG_M1_11347_BEAR,M1|FVG|2026-08-24T17:43:00+00:00|-1
B,M1,FVG,1,2026-08-24T17:45:00+00:00,11349,1.16663,1.16674,,FVG_M1_11349_BULL,M1|FVG|2026-08-24T17:45:00+00:00|1
B,M1,FVG,1,2026-08-24T17:47:00+00:00,11351,1.1668,1.16689,,FVG_M1_11351_BULL,M1|FVG|2026-08-24T17:47:00+00:00|1
B,M1,FVG,1,2026-08-24T17:48:00+00:00,11352,1.1669,1.16695,,FVG_M1_11352_BULL,M1|FVG|2026-08-24T17:48:00+00:00|1
B,M1,FVG,-1,2026-08-24T17:52:00+00:00,11356,1.16669,1.16697,,FVG_M1_11356_BEAR,M1|FVG|2026-08-24T17:52:00+00:00|-1
B,M1,FVG,1,2026-08-24T18:04:00+00:00,11368,1.1666,1.16669,,FVG_M1_11368_BULL,M1|FVG|2026-08-24T18:04:00+00:00|1
B,M1,FVG,1,2026-08-24T18:05:00+00:00,11369,1.16671,1.16681,,FVG_M1_11369_BULL,M1|FVG|2026-08-24T18:05:00+00:00|1
B,M1,FVG,-1,2026-08-24T18:07:00+00:00,11371,1.16678,1.16681,,FVG_M1_11371_BEAR,M1|FVG|2026-08-24T18:07:00+00:00|-1
B,M1,FVG,-1,2026-08-24T18:12:00+00:00,11376,1.16675,1.16676,,FVG_M1_11376_BEAR,M1|FVG|2026-08-24T18:12:00+00:00|-1
B,M1,FVG,1,2026-08-24T18:14:00+00:00,11378,1.16675,1.16678,,FVG_M1_11378_BULL,M1|FVG|2026-08-24T18:14:00+00:00|1
B,M1,FVG,-1,2026-08-24T18:17:00+00:00,11381,1.16676,1.16677,,FVG_M1_11381_BEAR,M1|FVG|2026-08-24T18:17:00+00:00|-1
B,M1,FVG,1,2026-08-24T18:27:00+00:00,11391,1.16684,1.16687,,FVG_M1_11391_BULL,M1|FVG|2026-08-24T18:27:00+00:00|1
B,M1,FVG,-1,2026-08-24T18:33:00+00:00,11397,1.16688,1.16696,,FVG_M1_11397_BEAR,M1|FVG|2026-08-24T18:33:00+00:00|-1
B,M1,FVG,1,2026-08-24T18:37:00+00:00,11401,1.16694,1.16697,,FVG_M1_11401_BULL,M1|FVG|2026-08-24T18:37:00+00:00|1
B,M1,FVG,1,2026-08-24T18:38:00+00:00,11402,1.167,1.16702,,FVG_M1_11402_BULL,M1|FVG|2026-08-24T18:38:00+00:00|1
B,M1,FVG,-1,2026-08-24T18:41:00+00:00,11405,1.16696,1.16701,,FVG_M1_11405_BEAR,M1|FVG|2026-08-24T18:41:00+00:00|-1
B,M1,FVG,-1,2026-08-24T18:46:00+00:00,11410,1.16684,1.16688,,FVG_M1_11410_BEAR,M1|FVG|2026-08-24T18:46:00+00:00|-1
B,M1,FVG,-1,2026-08-24T18:54:00+00:00,11418,1.16671,1.16672,,FVG_M1_11418_BEAR,M1|FVG|2026-08-24T18:54:00+00:00|-1
B,M1,FVG,-1,2026-08-24T18:57:00+00:00,11421,1.16665,1.16668,,FVG_M1_11421_BEAR,M1|FVG|2026-08-24T18:57:00+00:00|-1
B,M1,FVG,-1,2026-08-24T18:58:00+00:00,11422,1.1666,1.16662,,FVG_M1_11422_BEAR,M1|FVG|2026-08-24T18:58:00+00:00|-1
B,M1,FVG,-1,2026-08-24T18:59:00+00:00,11423,1.16653,1.16655,,FVG_M1_11423_BEAR,M1|FVG|2026-08-24T18:59:00+00:00|-1
B,M1,FVG,-1,2026-08-24T19:00:00+00:00,11424,1.16649,1.16651,,FVG_M1_11424_BEAR,M1|FVG|2026-08-24T19:00:00+00:00|-1
B,M1,FVG,1,2026-08-24T19:03:00+00:00,11427,1.16647,1.1665,,FVG_M1_11427_BULL,M1|FVG|2026-08-24T19:03:00+00:00|1
B,M1,FVG,-1,2026-08-24T19:10:00+00:00,11434,1.16662,1.16663,,FVG_M1_11434_BEAR,M1|FVG|2026-08-24T19:10:00+00:00|-1
B,M1,FVG,1,2026-08-24T19:13:00+00:00,11437,1.16668,1.16676,,FVG_M1_11437_BULL,M1|FVG|2026-08-24T19:13:00+00:00|1
B,M1,FVG,1,2026-08-24T19:19:00+00:00,11443,1.16671,1.16673,,FVG_M1_11443_BULL,M1|FVG|2026-08-24T19:19:00+00:00|1
B,M1,FVG,1,2026-08-24T19:32:00+00:00,11456,1.16663,1.16665,,FVG_M1_11456_BULL,M1|FVG|2026-08-24T19:32:00+00:00|1
B,M1,FVG,-1,2026-08-24T19:35:00+00:00,11459,1.16656,1.16661,,FVG_M1_11459_BEAR,M1|FVG|2026-08-24T19:35:00+00:00|-1
B,M1,FVG,1,2026-08-24T19:37:00+00:00,11461,1.16656,1.16658,,FVG_M1_11461_BULL,M1|FVG|2026-08-24T19:37:00+00:00|1
B,M1,FVG,1,2026-08-24T19:39:00+00:00,11463,1.16664,1.16666,,FVG_M1_11463_BULL,M1|FVG|2026-08-24T19:39:00+00:00|1
B,M1,FVG,-1,2026-08-24T19:41:00+00:00,11465,1.16663,1.16666,,FVG_M1_11465_BEAR,M1|FVG|2026-08-24T19:41:00+00:00|-1
B,M1,FVG,-1,2026-08-24T19:47:00+00:00,11471,1.16654,1.16656,,FVG_M1_11471_BEAR,M1|FVG|2026-08-24T19:47:00+00:00|-1
B,M1,FVG,-1,2026-08-24T19:48:00+00:00,11472,1.16644,1.16652,,FVG_M1_11472_BEAR,M1|FVG|2026-08-24T19:48:00+00:00|-1
B,M1,FVG,-1,2026-08-24T19:49:00+00:00,11473,1.16639,1.16642,,FVG_M1_11473_BEAR,M1|FVG|2026-08-24T19:49:00+00:00|-1
B,M1,FVG,1,2026-08-24T20:00:00+00:00,11484,1.16643,1.16647,,FVG_M1_11484_BULL,M1|FVG|2026-08-24T20:00:00+00:00|1
B,M1,FVG,-1,2026-08-24T20:06:00+00:00,11490,1.16635,1.16639,,FVG_M1_11490_BEAR,M1|FVG|2026-08-24T20:06:00+00:00|-1
B,M1,FVG,-1,2026-08-24T20:07:00+00:00,11491,1.16628,1.16629,,FVG_M1_11491_BEAR,M1|FVG|2026-08-24T20:07:00+00:00|-1
B,M1,FVG,1,2026-08-24T20:09:00+00:00,11493,1.16628,1.1665,,FVG_M1_11493_BULL,M1|FVG|2026-08-24T20:09:00+00:00|1
B,M1,FVG,-1,2026-08-24T20:11:00+00:00,11495,1.16637,1.1665,,FVG_M1_11495_BEAR,M1|FVG|2026-08-24T20:11:00+00:00|-1
B,M1,FVG,-1,2026-08-24T20:21:00+00:00,11505,1.16623,1.16629,,FVG_M1_11505_BEAR,M1|FVG|2026-08-24T20:21:00+00:00|-1
B,M1,FVG,-1,2026-08-24T20:22:00+00:00,11506,1.16611,1.16622,,FVG_M1_11506_BEAR,M1|FVG|2026-08-24T20:22:00+00:00|-1
B,M1,FVG,-1,2026-08-24T20:23:00+00:00,11507,1.16602,1.16608,,FVG_M1_11507_BEAR,M1|FVG|2026-08-24T20:23:00+00:00|-1
B,M1,FVG,-1,2026-08-24T20:24:00+00:00,11508,1.16584,1.1659,,FVG_M1_11508_BEAR,M1|FVG|2026-08-24T20:24:00+00:00|-1
B,M1,FVG,1,2026-08-24T20:30:00+00:00,11514,1.16573,1.16583,,FVG_M1_11514_BULL,M1|FVG|2026-08-24T20:30:00+00:00|1
